UnitID,Institution Name,SATCriticalReading25Percentile,SATCriticalReading75Percentile,SATMath25Percentile,SATMath75Percentile,ACTComposite25Percentile,ACTComposite75Percentile,ACTEnglish25Percentile,ACTEnglish75Percentile,ACTMath25Percentile,ACTMath75Percentile,TestScoresConsidered
222178,Abilene Christian University,530,620,510,610,21,27,20,26,19,26,1
138558,Abraham Baldwin Agricultural College,470,580,460,550,17,22,15,22,16,21,1
126182,Adams State University,440,550,430,530,17,22,15,22,16,23,1
188429,Adelphi University,540,630,540,640,22,27,21,27,20,27,1
168528,Adrian College,470,580,470,576,19,26,18,24,18,25,1
133872,AdventHealth University,460,560,450,520,18,22,18,22,16,22,1
205391,Advertising Art Educational Services DBA School of Advertising Art,,,,,,,,,,,2
138600,Agnes Scott College,,,,,,,,,,,2
100654,Alabama A & M University,430,520,420,510,16,19,14,20,15,18,1
100724,Alabama State University,440,520,420,510,16,20,14,20,15,18,1
102669,Alaska Pacific University,,,,,,,,,,,2
188526,Albany College of Pharmacy and Health Sciences,550,640,580,670,24,28,,,,,1
138716,Albany State University,380,460,370,440,15,18,12,17,15,17,1
168546,Albion College,510,630,500,610,20,26,20,26,18,26,1
210571,Albright College,,,,,,,,,,,2
175342,Alcorn State University,420,550,400,590,17,22,15,22,16,20,1
237118,Alderson Broaddus University,460,550,460,550,18,22,15,21,16,22,1
188641,Alfred University,480,590,490,610,20,27,18,26,18,27,1
156189,Alice Lloyd College,440,590,430,440,18,23,15,22,16,20,1
168591,Alma College,520,620,520,600,20,26,19,27,19,26,1
210775,Alvernia University,480,570,470,560,17,23,,,,,1
238193,Alverno College,,,,,,,,,,,2
443599,American College of Healthcare Sciences,,,,,,,,,,,2
116846,American Jewish University,,,,,,,,,,,2
188854,American Musical and Dramatic Academy,,,,,,,,,,,2
164465,Amherst College,660,750,670,780,31,34,32,35,28,34,1
150066,Anderson University,500,590,500,570,19,25,18,24,19,25,1
217633,Anderson University,540,640,418,635,20,26,20,26,20,27,1
138761,Andrew College,420,530,400,510,14,19,13,19,15,19,1
168740,Andrews University,540,660,500,640,21,27,19,26,21,29,1
222831,Angelo State University,460,560,460,550,17,23,15,22,17,23,1
237136,Appalachian Bible College,480,595,430,535,18,23,17,24,16,24,1
197869,Appalachian State University,560,640,540,630,23,28,22,28,22,26,1
168786,Aquinas College,510,620,500,610,21,26,22,27,19,26,1
211088,Arcadia University,540,640,510,610,21,27,21,26,19,25,1
105899,Arizona Christian University,460,560,470,565,17,22,16,21,16,22,1
448886,Arizona State University-Downtown Phoenix,550,640,530,630,20,26,20,26,19,26,1
420574,Arizona State University-Polytechnic,540,650,560,660,21,27,20,27,21,28,1
483124,Arizona State University-Skysong,,,,,,,,,,,2
104151,Arizona State University-Tempe,570,670,560,690,22,29,21,29,22,28,1
407009,Arizona State University-West,530,620,520,630,19,25,18,25,18,25,1
106458,Arkansas State University-Main Campus,510,588,520,608,21,27,22,28,20,26,1
106467,Arkansas Tech University,,,,,,,,,,,2
201061,Art Academy of Cincinnati,440,580,440,520,17,24,16,25,16,21,1
156213,Asbury University,,,,,,,,,,,2
201104,Ashland University,500,610,475,620,20,25,19,24,18,25,1
100858,Auburn University,580,650,570,660,25,30,25,33,23,28,1
100830,Auburn University at Montgomery,510,570,480,570,19,23,18,24,16,22,1
173045,Augsburg University,578,695,595,630,19,24,17,23,17,24,1
482149,Augusta University,520,620,590,622,20,26,20,25,18,25,1
143084,Augustana College,,,,,,,,,,,2
219000,Augustana University,510,650,550,680,23,28,21,29,22,28,1
201177,Aultman College of Nursing and Health Sciences,,,,,19,23,18,23,18,24,1
143118,Aurora University,490,580,480,570,19,23,17,24,17,24,1
219602,Austin Peay State University,488,603,470,575,19,24,18,24,17,23,1
446048,Ave Maria University,540,640,510,620,21,27,19,28,18,26,1
231420,Averett University,440,490,450,490,16,22,,,,,1
176628,Avila University,480,570,510,540,19,23,18,23,17,24,1
109785,Azusa Pacific University,520,620,500,620,21,27,21,28,19,26,1
237145,B M Spurr School of Practical Nursing,,,,,,,,,,,2
164580,Babson College,620,690,650,760,28,32,28,34,27,33,1
206817,Bacone College,425,450,395,445,14,19,11,18,15,18,1
168847,Baker College,,,,,,,,,,,2
154688,Baker University,445,585,485,590,20,25,19,25,19,26,1
150136,Ball State University,,,,,,,,,,,2
106546,Baptist Health College Little Rock,,,,,18,20,15,19,16,17,1
219639,Baptist Memorial College of Health Sciences,,,,,19,24,19,22,17,23,1
155070,Barclay College,,,,,,,,,,,2
189097,Barnard College,670,740,660,760,30,33,32,35,27,32,1
132471,Barry University,480,560,430,520,17,22,16,22,16,20,1
197911,Barton College,470,570,450,550,17,23,16,22,17,22,1
223232,Baylor University,600,680,590,690,26,31,25,34,24,29,1
164720,Becker College,490,600,490,580,20,25,20,27,17,26,1
175421,Belhaven University,,,,,,,,,,,2
156286,Bellarmine University,540,640,520,630,22,28,22,31,21,27,1
238324,Bellin College,,,,,22,25,21,25,20,25,1
219709,Belmont University,580,660,540,640,24,29,24,33,22,27,1
173124,Bemidji State University,,,,,19,24,17,23,18,25,1
154712,Benedictine College,530,650,520,630,21,28,21,30,20,27,1
145619,Benedictine University,490,598,490,590,20,25,18,25,18,25,1
197993,Bennett College,410,520,390,480,14,20,12,20,15,18,1
164739,Bentley University,600,680,640,730,28,32,26,33,27,32,1
156295,Berea College,520,590,510,623,22,27,22,29,20,26,1
139144,Berry College,570,660,540,650,23,29,23,32,22,27,1
237181,Bethany College,450,570,440,560,17,23,17,23,16,22,1
154721,Bethany College,440,520,450,540,18,23,17,22,17,23,1
173142,Bethany Lutheran College,520,580,530,610,19,25,17,24,18,24,1
150145,Bethel College-Indiana,490,590,480,580,19,25,17,24,18,25,1
173160,Bethel University,523,668,510,618,22,28,21,28,21,27,1
486053,Bethlehem College & Seminary,620,700,560,650,21,26,22,26,21,24,1
196079,Binghamton University,650,710,660,730,28,32,,,,,1
110097,Biola University,540,640,520,620,21,27,21,28,20,26,1
219046,Black Hills State University,490,600,468,580,18,24,16,23,17,24,1
143288,Blackburn College,480,570,480,570,18,22,16,22,16,22,1
211158,Bloomsburg University of Pennsylvania,500,580,490,570,19,24,18,24,18,24,1
175430,Blue Mountain College,420,490,470,540,19,25,20,25,17,24,1
231554,Bluefield College,450,533,448,530,16,20,14,19,16,20,1
237215,Bluefield State College,460,550,460,570,17,21,15,21,16,20,1
201371,Bluffton University,430,550,440,550,18,25,16,24,17,26,1
142090,Boise Bible College,500,630,480,540,19,23,17,24,16,21,1
142115,Boise State University,520,620,510,600,21,26,20,26,19,26,1
164614,Boston Baptist College,430,530,455,535,15,24,14,21,15,23,1
164924,Boston College,650,720,670,770,31,34,32,35,28,33,1
164988,Boston University,650,720,680,780,30,33,31,35,27,33,1
201441,Bowling Green State University-Main Campus,440,550,440,550,19,24,18,24,18,24,1
143358,Bradley University,550,640,540,650,23,28,23,30,23,28,1
165015,Brandeis University,630,720,650,780,29,33,30,35,28,33,1
198066,Brevard College,,,,,,,,,,,2
231581,Bridgewater College,490,600,490,570,18,26,17,25,17,24,1
230047,Brigham Young University-Hawaii,553,640,530,610,21,26,21,27,20,26,1
142522,Brigham Young University-Idaho,510,620,500,590,20,26,19,26,18,25,1
230038,Brigham Young University-Provo,600,710,590,710,26,31,26,34,26,30,1
217156,Brown University,700,760,720,790,32,35,34,36,30,35,1
180878,Bryan College of Health Sciences,,,,,20,23,19,24,18,23,1
219790,Bryan College-Dayton,517,652,457,610,21,26,21,26,18,24,1
210492,Bryn Athyn College of the New Church,498,613,498,590,21,28,21,29,20,26,1
211273,Bryn Mawr College,,,,,,,,,,,2
211291,Bucknell University,620,690,630,730,28,32,29,34,27,31,1
153001,Buena Vista University,450,580,470,560,19,24,18,24,18,25,1
150163,Butler University,590,660,580,670,25,30,24,32,24,29,1
198109,Cabarrus College of Health Sciences,510,580,480,560,20,23,18,23,18,23,1
215114,Cairn University-Langhorne,490,620,465,580,18,23,18,24,17,26,1
183910,Caldwell University,480,578,480,570,17,22,16,22,16,23,1
110361,California Baptist University,510,610,480,590,19,25,18,24,17,25,1
110918,California Christian College,,,,,,,,,,,2
110404,California Institute of Technology,740,780,790,800,35,36,35,36,35,36,1
110413,California Lutheran University,540,630,530,620,21,26,21,27,20,26,1
110422,California Polytechnic State University-San Luis Obispo,620,700,620,730,26,32,26,34,26,31,1
110529,California State Polytechnic University-Pomona,510,620,510,640,19,27,19,26,18,27,1
111188,California State University Maritime Academy,,,,,,,,,,,2
110486,California State University-Bakersfield,,,,,,,,,,,2
441937,California State University-Channel Islands,,,,,,,,,,,2
110538,California State University-Chico,500,600,500,590,18,24,17,24,17,25,1
110547,California State University-Dominguez Hills,,,,,,,,,,,2
110574,California State University-East Bay,,,,,,,,,,,2
110556,California State University-Fresno,460,570,460,550,16,22,15,22,16,22,1
110565,California State University-Fullerton,520,610,520,610,19,24,18,24,18,25,1
110583,California State University-Long Beach,520,620,520,630,20,26,19,26,19,26,1
110592,California State University-Los Angeles,450,540,440,540,15,20,14,20,16,20,1
409698,California State University-Monterey Bay,480,590,480,570,17,23,16,23,17,23,1
110608,California State University-Northridge,470,570,460,560,16,22,15,22,16,22,1
110617,California State University-Sacramento,470,570,470,560,16,22,15,22,16,23,1
110510,California State University-San Bernardino,460,540,450,540,16,20,14,20,16,20,1
366711,California State University-San Marcos,480,580,480,560,17,22,16,22,17,22,1
110495,California State University-Stanislaus,,,,,,,,,,,2
211361,California University of Pennsylvania,450,560,450,540,17,23,15,22,16,22,1
176789,Calvary University,450,580,440,570,20,26,19,28,18,26,1
169080,Calvin College,570,680,580,690,24,30,23,33,22,29,1
198136,Campbell University,520,610,510,600,19,25,18,24,18,25,1
156365,Campbellsville University,450,560,490,593,18,24,16,24,17,24,1
189705,Canisius College,530,630,520,640,21,27,,,,,1
201548,Capital University,500,620,500,590,21,26,20,26,20,26,1
162061,Capitol Technology University,450,550,550,600,17,23,17,19,17,21,1
238430,Cardinal Stritch University,426,508,446,515,18,22,17,22,17,22,1
173258,Carleton College,670,750,680,780,31,34,,,,,1
211431,Carlow University,510,600,490,580,19,24,18,23,17,23,1
211440,Carnegie Mellon University,700,750,750,800,33,35,33,35,32,35,1
433174,Carolinas College of Health Sciences,470,550,463,540,,,,,,,1
180106,Carroll College,540,640,530,630,22,28,21,27,21,27,1
238458,Carroll University,530,620,520,610,21,26,21,26,20,26,1
219806,Carson-Newman University,480,598,480,570,20,26,19,26,18,24,1
201645,Case Western Reserve University,650,730,700,790,30,34,31,35,29,34,1
230834,Castleton University,470,560,450,550,18,23,15,23,16,23,1
198215,Catawba College,460,580,450,560,18,24,17,24,18,24,1
211468,Cedar Crest College,480,600,460,570,18,26,19,24,17,25,1
201654,Cedarville University,580,680,550,670,23,29,24,31,23,28,1
158477,Centenary College of Louisiana,530,610,520,610,21,27,21,31,19,26,1
183974,Centenary University,440,550,430,540,17,22,15,22,16,22,1
106713,Central Baptist College,460,530,420,500,16,22,15,22,16,22,1
153108,Central College,505,585,410,590,20,27,20,26,20,26,1
128771,Central Connecticut State University,500,590,480,580,19,24,18,24,17,23,1
445267,Central Methodist University-College of Graduate and Extended Studies,,,,,,,,,,,2
176947,Central Methodist University-College of Liberal Arts and Sciences,460,550,490,580,20,24,19,24,18,24,1
169248,Central Michigan University,510,610,490,590,20,27,19,26,18,26,1
211477,Central Penn College,330,450,330,460,,,,,,,1
234827,Central Washington University,480,570,480,590,17,24,15,23,17,23,1
156408,Centre College,590,705,600,715,27,32,26,34,25,29,1
454245,Chamberlain University-Arizona,,,,,,,,,,,2
489353,Chamberlain University-California,,,,,,,,,,,2
457129,Chamberlain University-Florida,,,,,,,,,,,2
475732,Chamberlain University-Georgia,,,,,,,,,,,2
454227,Chamberlain University-Illinois,,,,,,,,,,,2
475741,Chamberlain University-Indiana,,,,,,,,,,,2
492759,Chamberlain University-Louisiana,,,,,,,,,,,2
486947,Chamberlain University-Michigan,,,,,,,,,,,2
466921,Chamberlain University-Missouri,,,,,,,,,,,2
486938,Chamberlain University-Nevada,,,,,,,,,,,2
486956,Chamberlain University-New Jersey,,,,,,,,,,,2
489344,Chamberlain University-North Carolina,,,,,,,,,,,2
454236,Chamberlain University-Ohio,,,,,,,,,,,2
466930,Chamberlain University-Texas,,,,,,,,,,,2
460871,Chamberlain University-Virginia,,,,,,,,,,,2
141486,Chaminade University of Honolulu,490,570,480,560,20,23,18,24,18,24,1
111948,Chapman University,600,680,590,690,25,30,26,34,24,29,1
111966,Charles R Drew University of Medicine and Science,450,570,400,500,18,24,22,24,16,22,1
217688,Charleston Southern University,520,610,500,590,20,26,19,25,18,24,1
211583,Chestnut Hill College,470,570,470,550,16,20,,,,,1
144005,Chicago State University,465,550,440,470,16,20,16,22,16,22,1
198303,Chowan University,420,510,390,490,14,18,11,16,15,17,1
219833,Christian Brothers University,,,,,21,25,21,28,20,26,1
201858,Cincinnati Christian University,430,520,450,540,16,21,15,21,16,22,1
217864,Citadel Military College of South Carolina,520,610,510,610,20,25,20,25,19,25,1
211635,Citizens School of Nursing,,,,,,,,,,,2
217873,Claflin University,420,540,410,520,17,21,14,19,15,18,1
112260,Claremont McKenna College,670,730,680,770,31,34,32,35,28,33,1
211644,Clarion University of Pennsylvania,480,570,470,560,18,22,16,22,17,23,1
138947,Clark Atlanta University,490,570,460,540,18,21,,,,,1
153126,Clarke University,460,548,470,548,19,23,16,23,17,25,1
211024,Clarks Summit University,,,,,,,,,,,2
180832,Clarkson College,,,,,18,21,18,21,17,21,1
190044,Clarkson University,570,660,590,690,24,30,22,28,25,29,1
139311,Clayton  State University,,,,,,,,,,,2
169327,Cleary University,460,580,470,570,18,19,17,21,17,18,1
217882,Clemson University,610,690,610,710,27,32,27,34,26,31,1
202073,Cleveland Institute of Music,,,,,,,,,,,2
202134,Cleveland State University,480,610,480,590,19,25,18,25,18,25,1
177038,Cleveland University-Kansas City,,,,,,,,,,,2
218724,Coastal Carolina University,520,590,510,580,19,24,18,24,17,24,1
153144,Coe College,548,670,530,630,22,28,21,28,21,27,1
112394,Cogswell College,,,,,,,,,,,2
217907,Coker College,480,580,470,580,17,22,15,21,16,20,1
190099,Colgate University,650,730,670,780,31,34,32,35,28,32,1
169442,College for Creative Studies,500,620,460,570,21,27,21,27,18,27,1
217819,College of Charleston,550,640,520,610,22,28,22,29,20,26,1
139250,College of Coastal Georgia,470,570,440,530,17,22,15,22,16,21,1
193399,College of Mount Saint Vincent,480,550,450,550,18,23,16,23,16,23,1
167394,College of Our Lady of the Elms,480,580,490,590,18,23,,,,,1
174747,College of Saint Benedict,510,610,490,590,22,27,21,28,21,27,1
181604,College of Saint Mary,,,,,,,,,,,2
231077,College of St Joseph,,,,,,,,,,,2
178697,College of the Ozarks,630,660,563,640,21,26,21,27,20,26,1
231624,College of William and Mary,660,730,650,760,30,33,31,35,27,32,1
126678,Colorado College,,,,,,,,,,,2
127556,Colorado Mesa University,470,530,470,520,18,24,18,24,17,25,1
126775,Colorado School of Mines,630,710,660,740,28,33,27,34,28,33,1
126818,Colorado State University-Fort Collins,540,640,530,640,23,28,21,27,22,29,1
128106,Colorado State University-Pueblo,460,570,460,550,18,24,16,24,17,24,1
144281,Columbia College Chicago,,,,,,,,,,,2
217925,Columbia International University,470,580,470,540,17,23,17,23,15,22,1
190150,Columbia University in the City of New York,710,760,740,800,33,35,34,36,30,35,1
202170,Columbus College of Art and Design,,,,,,,,,,,2
139366,Columbus State University,450,560,420,540,18,23,17,23,16,23,1
177083,Conception Seminary College,,,,,21,25,21,24,20,25,1
237330,Concord University,460,570,460,550,18,23,16,23,16,23,1
173300,Concordia College at Moorhead,530,670,550,698,21,27,20,27,21,27,1
224004,Concordia University Texas,470,590,470,580,18,24,17,23,17,24,1
169363,Concordia University-Ann Arbor,,,,,19,23,18,24,17,24,1
144351,Concordia University-Chicago,500,580,490,590,20,25,20,25,17,25,1
112075,Concordia University-Irvine,520,610,510,610,20,27,20,27,19,26,1
180984,Concordia University-Nebraska,460,550,430,550,20,26,20,27,19,26,1
208488,Concordia University-Portland,500,590,490,580,18,23,16,22,16,23,1
238616,Concordia University-Wisconsin,,,,,20,26,20,26,19,26,1
217961,Converse College,530,610,510,590,20,25,19,26,17,24,1
190372,Cooper Union for the Advancement of Science and Art,630,720,653,790,31,34,31,35,29,35,1
162283,Coppin State University,450,520,430,510,16,20,18,22,15,18,1
210331,Corban University,510,620,520,580,20,26,18,25,18,25,1
190415,Cornell University,680,750,710,790,32,34,33,35,30,35,1
170037,Cornerstone University,480,600,470,580,19,26,18,25,18,26,1
235024,Cornish College of the Arts,,,,,,,,,,,2
177117,Cottey College,510,560,460,550,19,25,18,25,17,23,1
139393,Covenant College,580,690,540,660,23,30,23,32,22,28,1
176770,Cox College,,,,,,,,,,,2
181002,Creighton University,580,670,570,680,24,30,24,32,24,29,1
174862,Crown College,440,570,460,590,18,24,16,24,17,24,1
190503,Culinary Institute of America,,,,,,,,,,,2
177144,Culver-Stockton College,480,570,470,570,18,23,17,23,16,23,1
219949,Cumberland University,470,540,460,550,19,23,18,24,17,23,1
190512,CUNY Bernard M Baruch College,590,670,630,720,,,,,,,1
190549,CUNY Brooklyn College,520,610,540,630,,,,,,,1
190567,CUNY City College,510,620,530,650,,,,,,,1
190594,CUNY Hunter College,570,650,580,680,,,,,,,1
190600,CUNY John Jay College of Criminal Justice,490,570,490,570,,,,,,,1
190637,CUNY Lehman College,490,560,490,550,,,,,,,1
190655,CUNY New York City College of Technology,,,,,,,,,,,2
190664,CUNY Queens College,520,600,540,620,,,,,,,1
190691,CUNY York College,450,530,440,520,,,,,,,1
165529,Curry College,470,560,470,550,17,22,15,21,16,23,1
211893,Curtis Institute of Music,,,,,,,,,,,2
190716,D'Youville College,510,590,520,610,14,23,13,21,13,21,1
190725,Daemen College,,,,,,,,,,,2
219082,Dakota State University,470,610,490,610,20,26,18,25,19,26,1
219091,Dakota Wesleyan University,440,530,460,530,19,24,16,23,18,25,1
224226,Dallas Baptist University,560,650,530,620,20,24,,,,,1
224244,Dallas Christian College,408,568,403,588,17,23,14,22,17,23,1
437732,Dallas Nursing Institute,,,,,,,,,,,2
182670,Dartmouth College,700,770,720,790,31,35,33,36,29,35,1
169479,Davenport University,,,,,,,,,,,2
198385,Davidson College,640,720,650,730,29,33,,,,,1
237358,Davis & Elkins College,460,540,450,540,16,22,15,21,16,20,1
202514,Defiance College,430,540,425,530,17,22,15,21,17,23,1
432524,Delaware College of Art and Design,,,,,,,,,,,2
130934,Delaware State University,440,520,400,490,17,22,15,21,16,22,1
211981,Delaware Valley University,490,590,480,570,19,27,18,26,17,25,1
175616,Delta State University,470,590,480,600,18,24,18,25,17,24,1
144740,DePaul University,,,,,,,,,,,2
150400,DePauw University,560,660,560,680,23,29,23,32,23,29,1
210739,DeSales University,510,620,500,610,22,28,21,29,19,27,1
482413,DeVry College of New York,,,,,,,,,,,2
482422,DeVry University-Arizona,,,,,,,,,,,2
482431,DeVry University-California,,,,,,,,,,,2
482440,DeVry University-Colorado,,,,,,,,,,,2
482459,DeVry University-Florida,,,,,,,,,,,2
482468,DeVry University-Georgia,,,,,,,,,,,2
482477,DeVry University-Illinois,,,,,,,,,,,2
482486,DeVry University-Indiana,,,,,,,,,,,2
482538,DeVry University-Missouri,,,,,,,,,,,2
482547,DeVry University-Nevada,,,,,,,,,,,2
482556,DeVry University-New Jersey,,,,,,,,,,,2
482565,DeVry University-North Carolina,,,,,,,,,,,2
482574,DeVry University-Ohio,,,,,,,,,,,2
482608,DeVry University-Pennsylvania,,,,,,,,,,,2
482617,DeVry University-Tennessee,,,,,,,,,,,2
482635,DeVry University-Texas,,,,,,,,,,,2
482653,DeVry University-Virginia,,,,,,,,,,,2
212009,Dickinson College,,,,,,,,,,,2
200059,Dickinson State University,,,450,503,18,23,16,22,17,24,1
443410,DigiPen Institute of Technology,590,695,560,700,24,31,23,32,24,30,1
490498,Digital Media Institute at InterTech,,,,,,,,,,,2
158802,Dillard University,,,,,,,,,,,2
153241,Divine Word College,,,,,,,,,,,2
211802,DLP Conemaugh Memorial Medical Center,,,,,,,,,,,2
148496,Dominican University,480,570,470,560,19,24,17,24,18,24,1
113698,Dominican University of California,515,610,520,600,20,25,19,26,19,25,1
153250,Dordt College,530,690,530,670,22,28,21,29,21,27,1
153269,Drake University,580,680,560,680,24,30,23,31,23,28,1
184348,Drew University,,,,,,,,,,,2
212054,Drexel University,580,670,590,710,25,30,24,32,24,30,1
177214,Drury University,540,650,530,630,22,29,22,31,22,27,1
198419,Duke University,710,770,740,800,33,35,32,35,31,35,1
175227,Dunwoody College of Technology,,,,,,,,,,,2
212106,Duquesne University,580,650,550,640,24,29,23,29,23,27,1
198464,East Carolina University,520,600,520,590,20,25,19,24,19,24,1
207041,East Central University,460,570,470,540,18,23,14,26,17,22,1
220075,East Tennessee State University,480,600,490,580,20,27,19,27,18,25,1
224527,East Texas Baptist University,480,560,480,540,18,23,16,23,17,23,1
129215,Eastern Connecticut State University,,,,,,,,,,,2
144892,Eastern Illinois University,470,570,450,540,18,22,16,23,17,23,1
156620,Eastern Kentucky University,510,600,510,590,20,26,20,27,18,25,1
232043,Eastern Mennonite University,500,630,500,600,21,31,21,31,21,29,1
169798,Eastern Michigan University,450,590,440,580,15,23,13,24,16,23,1
165644,Eastern Nazarene College,470,600,450,590,17,23,15,24,16,24,1
187648,Eastern New Mexico University-Main Campus,430,550,430,520,17,22,15,22,16,23,1
208646,Eastern Oregon University,470,573,470,560,18,23,15,22,17,23,1
235097,Eastern Washington University,440,550,430,530,17,23,15,22,16,23,1
446233,Ecclesia College,,,,,,,,,,,2
133492,Eckerd College,550,650,530,630,23,28,23,30,21,27,1
238661,Edgewood College,490,630,480,590,20,25,19,25,18,25,1
212160,Edinboro University of Pennsylvania,490,580,470,560,17,23,15,22,17,23,1
133526,Edward Waters College,440,530,390,510,15,18,12,17,15,17,1
198507,Elizabeth City State University,450,520,440,520,17,20,15,19,16,19,1
212197,Elizabethtown College,540,640,530,650,21,28,21,28,20,27,1
144962,Elmhurst College,500,600,493,590,20,26,20,26,18,26,1
198516,Elon University,580,670,570,660,25,30,24,32,24,28,1
426314,Embry-Riddle Aeronautical University-Worldwide,,,,,,,,,,,2
139630,Emmanuel College,480,580,450,570,17,21,17,20,17,20,1
153302,Emmaus Bible College,490,670,460,620,19,25,20,25,17,24,1
232025,Emory & Henry College,500,600,480,560,18,24,17,24,18,23,1
139658,Emory University,660,730,690,790,31,34,,,,,1
487092,Emory University-Oxford College,660,720,680,790,30,33,,,,,1
155025,Emporia State University,465,560,435,618,19,25,18,25,18,25,1
165699,Endicott College,,,,,,,,,,,2
217998,Erskine College,460,580,470,560,18,23,16,24,17,23,1
144971,Eureka College,470,590,480,580,17,25,17,24,16,23,1
177339,Evangel University,,,,,,,,,,,2
385619,Everglades University,,,,,,,,,,,2
237367,Fairmont State University,460,560,440,530,18,23,16,23,16,22,1
443058,Family of Faith Christian University,,,,,,,,,,,2
196042,Farmingdale State College,500,580,510,580,20,24,,,,,1
101189,Faulkner University,490,570,530,620,18,23,16,27,16,24,1
198543,Fayetteville State University,450,520,440,510,18,21,16,21,17,22,1
184612,Felician University,460,540,460,540,15,22,15,21,16,21,1
232089,Ferrum College,440,533,430,520,17,23,15,22,16,22,1
114354,FIDM-Fashion Institute of Design & Merchandising-Los Angeles,,,,,,,,,,,2
114415,FIDM-Fashion Institute of Design & Merchandising-Orange County,,,,,,,,,,,2
248846,FIDM-Fashion Institute of Design & Merchandising-San Diego,,,,,,,,,,,2
114390,FIDM-Fashion Institute of Design & Merchandising-San Francisco,,,,,,,,,,,2
172440,Finlandia University,450,540,440,540,17,22,15,22,16,22,1
165802,Fisher College,,,,,,,,,,,2
220181,Fisk University,470,570,420,550,17,23,17,24,16,22,1
191205,Five Towns College,,,,,,,,,,,2
133650,Florida Agricultural and Mechanical University,530,590,510,580,19,23,18,23,17,23,1
133669,Florida Atlantic University,550,630,530,610,21,25,21,26,19,25,1
133809,Florida College,490,570,470,558,20,26,20,29,18,25,1
433660,Florida Gulf Coast University,540,620,520,590,21,25,20,25,19,25,1
133881,Florida Institute of Technology,570,660,580,680,25,30,24,32,25,30,1
133951,Florida International University,560,640,530,620,23,27,22,28,20,25,1
133979,Florida Memorial University,,,,,,,,,,,2
482936,Florida Polytechnic University,610,670,610,698,27,31,26,32,25,30,1
134079,Florida Southern College,580,660,550,640,23,29,23,30,21,27,1
134097,Florida State University,610,680,590,670,26,30,26,32,24,28,1
177418,Fontbonne University,460,590,470,560,18,24,17,24,17,24,1
191241,Fordham University,620,700,630,730,28,32,28,35,26,30,1
155061,Fort Hays State University,,,,,,,,,,,2
127185,Fort Lewis College,510,610,500,590,18,24,17,23,17,23,1
139719,Fort Valley State University,433,580,400,490,16,20,15,20,16,18,1
165866,Framingham State University,480,570,480,560,18,23,,,,,1
218061,Francis Marion University,410,520,400,510,17,22,16,22,16,21,1
160074,Franciscan Missionaries of Our Lady University,,,,,20,24,20,24,18,24,1
205957,Franciscan University of Steubenville,550,660,510,620,22,28,22,31,19,26,1
150604,Franklin College,490,590,490,580,18,25,17,24,17,25,1
441982,Franklin W Olin College of Engineering,710,760,750,790,34,35,33,35,34,35,1
220215,Freed-Hardeman University,530,690,480,610,21,28,22,30,20,26,1
114813,Fresno Pacific University,490,580,478,560,17,23,16,23,16,23,1
155089,Friends University,470,570,450,520,18,24,17,24,17,24,1
162584,Frostburg State University,470,560,460,550,17,23,15,22,16,23,1
131450,Gallaudet University,390,548,402,530,15,20,12,18,15,20,1
212601,Gannon University,510,610,510,610,20,26,19,26,19,25,1
198561,Gardner-Webb University,490,600,480,580,18,24,16,24,17,24,1
460385,Geisinger-Lewistown Hospital School of Nursing,,,,,,,,,,,2
212656,Geneva College,500,630,500,610,20,27,18,27,19,26,1
208822,George Fox University,520,630,500,600,21,27,20,27,19,26,1
232186,George Mason University,570,660,550,660,24,30,23,31,23,28,1
156745,Georgetown College,510,580,505,565,20,26,20,27,19,26,1
131496,Georgetown University,680,750,690,780,31,34,33,35,28,34,1
139861,Georgia College & State University,570,650,540,630,23,27,23,28,21,26,1
139755,Georgia Institute of Technology-Main Campus,680,750,710,790,31,34,32,35,30,34,1
139931,Georgia Southern University,540,610,520,590,21,25,20,25,19,25,1
139764,Georgia Southwestern State University,480,580,460,540,18,22,17,22,17,22,1
139940,Georgia State University,540,630,520,620,21,26,20,26,19,26,1
184773,Georgian Court University,465,570,470,560,17,24,16,24,16,25,1
212674,Gettysburg College,,,,,,,,,,,2
202903,Gods Bible School and College,,,,,,,,,,,2
130989,Goldey-Beacom College,,,,,,,,,,,2
235316,Gonzaga University,600,670,590,680,25,30,25,33,25,29,1
202912,Good Samaritan College of Nursing and Health Science,,,,,19,24,18,22,18,19,1
165936,Gordon College,530,650,520,635,22,30,21,28,21,28,1
139968,Gordon State College,440,530,410,510,15,20,13,20,15,18,1
150668,Goshen College,490,620,505,590,20,27,20,28,20,26,1
162654,Goucher College,,,,,,,,,,,2
145336,Governors State University,440,535,420,510,16,20,15,21,16,18,1
170000,Grace Christian University,,,,,,,,,,,2
150677,Grace College and Theological Seminary,510,640,510,610,20,27,20,28,19,26,1
153366,Graceland University-Lamoni,470,550,480,560,18,23,17,23,16,22,1
145354,Graham Hospital School of Nursing,,,,,,,,,,,1
159009,Grambling State University,420,518,410,500,16,19,15,20,16,19,1
104717,Grand Canyon University,,,,,,,,,,,2
170082,Grand Valley State University,530,630,520,610,21,27,21,27,20,26,1
153375,Grand View University,460,550,460,560,18,23,16,23,17,23,1
145372,Greenville University,470,580,450,570,18,24,17,24,17,24,1
153384,Grinnell College,670,745,700,785,30,34,32,35,28,33,1
212805,Grove City College,590,640,495,635,24,30,24,32,23,28,1
198613,Guilford College,,,,,,,,,,,2
173647,Gustavus Adolphus College,,,,,,,,,,,2
212832,Gwynedd Mercy University,480,560,460,550,18,23,17,29,15,29,1
191515,Hamilton College,670,740,680,770,31,34,,,,,1
173665,Hamline University,540,660,520,620,20,27,19,27,19,26,1
232256,Hampden-Sydney College,530,630,520,620,21,28,20,27,19,27,1
232265,Hampton University,,,,,,,,,,,2
177542,Hannibal-LaGrange University,,,,,,,,,,,2
225247,Hardin-Simmons University,500,590,500,580,18,24,17,24,16,25,1
107044,Harding University,540,660,520,640,22,29,22,31,21,27,1
166027,Harvard University,720,780,740,800,33,35,34,36,31,35,1
115409,Harvey Mudd College,720,760,770,800,34,35,34,36,34,35,1
155140,Haskell Indian Nations University,465,525,453,495,15,20,14,19,16,18,1
181127,Hastings College,470,580,470,550,19,25,18,24,18,25,1
212911,Haverford College,680,750,690,780,32,34,34,35,29,34,1
141644,Hawaii Pacific University,520,620,500,600,19,26,18,26,19,29,1
203085,Heidelberg University,500,590,490,580,19,25,17,25,18,25,1
107071,Henderson State University,488,570,490,560,19,25,19,25,18,24,1
107080,Hendrix College,600,700,560,690,27,32,27,35,25,29,1
200785,Herzing University-Akron,,,,,,,,,,,2
140340,Herzing University-Atlanta,,,,,,,,,,,2
101365,Herzing University-Birmingham,,,,,,,,,,,2
459851,Herzing University-Brookfield,,,,,,,,,,,2
433536,Herzing University-Kenner,,,,,,,,,,,2
459842,Herzing University-Kenosha,,,,,,,,,,,2
240392,Herzing University-Madison,,,,,,,,,,,2
174154,Herzing University-Minneapolis,,,,,,,,,,,2
457022,Herzing University-Toledo,,,,,,,,,,,2
386472,Herzing University-Winter Park,,,,,,,,,,,2
170286,Hillsdale College,655,740,620,725,29,32,30,35,26,31,1
178466,Hillyard Technical Center,,,,,,,,,,,2
203128,Hiram College,460,600,470,590,18,25,17,24,17,25,1
220312,Hiwassee College,500,520,530,570,17,22,16,23,16,22,1
367884,Hodges University,,,,,,,,,,,2
232308,Hollins University,560,660,510,620,24,29,23,33,18,25,1
150774,Holy Cross College,560,690,540,710,23,32,23,34,22,31,1
212984,Holy Family University,475,560,460,530,18,22,15,23,16,22,1
115728,Holy Names University,270,330,443,540,17,22,17,21,16,22,1
162760,Hood College,,,,,,,,,,,2
170301,Hope College,570,670,540,660,23,29,23,31,22,28,1
120537,Hope International University,460,540,470,550,19,23,17,23,16,23,1
225399,Houston Baptist University,520,610,510,590,20,25,19,25,18,24,1
225548,Howard Payne University,480,560,470,540,18,23,16,22,17,23,1
131520,Howard University,590,650,550,635,22,27,22,28,20,26,1
115755,Humboldt State University,490,600,480,570,18,24,16,24,17,24,1
101435,Huntingdon College,500,580,498,570,19,24,18,24,17,23,1
150941,Huntington University,500,590,490,590,19,26,18,25,17,25,1
487524,Husson University,460,580,470,560,17,22,16,23,16,22,1
225575,Huston-Tillotson University,410,490,400,490,14,18,11,17,15,18,1
145691,Illinois College,,,,,,,,,,,2
145725,Illinois Institute of Technology,600,680,620,720,26,31,25,34,26,31,1
145813,Illinois State University,510,600,500,590,20,26,20,26,19,26,1
145646,Illinois Wesleyan University,570,660,550,665,24,29,24,31,23,28,1
151290,Indiana Institute of Technology,470,588,283,580,18,24,16,23,17,25,1
151324,Indiana State University,460,570,450,550,16,23,15,23,16,23,1
213020,Indiana University of Pennsylvania-Main Campus,460,570,450,550,17,23,16,23,16,23,1
151351,Indiana University-Bloomington,580,670,570,690,24,31,24,33,24,30,1
151388,Indiana University-East,470,570,450,550,17,24,16,23,17,24,1
151333,Indiana University-Kokomo,480,570,470,560,19,23,17,23,17,23,1
151360,Indiana University-Northwest,460,560,450,540,18,23,16,24,17,23,1
151111,Indiana University-Purdue University-Indianapolis,500,610,500,590,19,26,18,25,18,26,1
151342,Indiana University-South Bend,470,570,460,560,17,23,16,23,17,23,1
151379,Indiana University-Southeast,480,590,470,560,17,23,16,23,16,22,1
151801,Indiana Wesleyan University-Marion,510,620,500,600,21,26,20,27,19,26,1
187745,Institute of American Indian and Alaska Native Culture and Arts Development,,,,,,,,,,,2
191931,Iona College,500,590,490,580,20,26,,,,,1
153603,Iowa State University,548,682,544,652,22,28,21,28,22,28,1
153621,Iowa Wesleyan University,460,540,468,520,19,23,17,22,17,24,1
175856,Jackson State University,450,560,400,508,17,22,16,23,16,22,1
101480,Jacksonville State University,440,450,470,480,19,26,20,27,17,25,1
455196,Jersey College,,,,,,,,,,,2
192040,Jewish Theological Seminary of America,690,760,650,760,30,34,32,35,28,34,1
185651,JFK Muhlenberg Harold B. and Dorothy A. Snyder Schools-School of Imaging,,,,,,,,,,,2
185679,JFK Muhlenberg Harold B. and Dorothy A. Snyder Schools-School of Nursing,,,,,,,,,,,2
220464,John A Gupton College,,,,,6,11,6,11,6,11,1
107141,John Brown University,580,695,530,670,23,30,23,32,21,28,1
203368,John Carroll University,550,640,540,650,22,28,22,29,21,27,1
462354,John Paul the Great Catholic University,490,640,470,600,20,29,22,31,17,27,1
162928,Johns Hopkins University,710,760,740,800,33,35,34,36,31,35,1
445708,Johnson & Wales University-Charlotte,,,,,,,,,,,2
439288,Johnson & Wales University-Denver,,,,,,,,,,,2
414823,Johnson & Wales University-North Miami,,,,,,,,,,,2
460349,Johnson & Wales University-Online,,,,,,,,,,,2
217235,Johnson & Wales University-Providence,,,,,,,,,,,2
198756,Johnson C Smith University,420,490,390,490,14,18,12,17,14,17,1
213233,Johnson College,,,,,,,,,,,2
220473,Johnson University,530,630,520,610,20,25,21,26,18,25,1
132879,Johnson University Florida,480,570,430,540,16,21,15,22,15,19,1
101541,Judson College,550,585,480,580,17,23,16,25,16,21,1
146339,Judson University,470,590,480,590,19,25,20,25,18,26,1
213251,Juniata College,,,,,,,,,,,2
155399,Kansas State University,,,,,,,,,,,2
155414,Kansas Wesleyan University,480,590,500,580,20,25,18,25,18,26,1
185262,Kean University,450,540,440,540,17,22,,,,,1
486840,Kennesaw State University,550,640,530,630,21,26,21,26,20,26,1
177816,Kenrick Glennon Seminary,,,,,,,,,,,2
203517,Kent State University at Kent,520,620,510,590,20,25,20,25,19,25,1
157100,Kentucky Christian University,450,510,470,530,17,21,15,22,16,21,1
157030,Kentucky Mountain Bible College,490,550,410,460,15,25,15,25,17,26,1
157058,Kentucky State University,420,500,400,503,15,19,13,19,15,19,1
157076,Kentucky Wesleyan College,390,593,440,580,19,26,19,26,18,25,1
203535,Kenyon College,640,730,640,740,29,33,31,35,26,31,1
203544,Kettering College,580,600,560,600,20,24,19,25,19,25,1
169983,Kettering University,590,670,600,700,25,30,24,30,26,30,1
213321,King's College,,,,,,,,,,,2
146427,Knox College,,,,,,,,,,,2
213349,Kutztown University of Pennsylvania,490,580,480,560,18,24,18,23,17,24,1
171881,Kuyper College,450,540,400,510,17,25,17,24,16,17,1
213358,La Roche University,470,560,440,550,16,21,16,21,16,21,1
213367,La Salle University,,,,,,,,,,,2
117627,La Sierra University,460,570,440,550,17,23,16,23,16,23,1
213385,Lafayette College,620,700,630,735,27,32,28,34,26,31,1
140234,LaGrange College,520,600,500,580,20,23,19,23,17,23,1
117168,Laguna College of Art and Design,,,,,,,,,,,2
146481,Lake Forest College,,,,,,,,,,,2
170639,Lake Superior State University,490,590,480,570,19,25,18,24,17,25,1
238980,Lakeland University,440,540,430,540,16,22,15,22,16,23,1
226091,Lamar University,480,570,470,550,18,23,16,23,17,24,1
213400,Lancaster Bible College,510,610,490,590,20,25,20,27,17,24,1
218229,Lander University,480,570,450,550,17,22,15,22,16,22,1
170675,Lawrence Technological University,510,630,520,650,23,28,24,30,22,28,1
220604,Le Moyne-Owen College,,,,,14,17,12,16,15,16,1
220613,Lee University,480,630,480,590,21,28,21,31,18,26,1
198808,Lees-McRae College,,,,,,,,,,,2
213543,Lehigh University,620,690,650,760,29,33,29,34,27,32,1
198835,Lenoir-Rhyne University,480,590,480,590,,,18,24,18,25,1
166452,Lesley University,475,665,463,628,22,29,19,26,21,29,1
226231,LeTourneau University,550,650,540,670,21,28,20,27,22,27,1
146612,Lewis University,520,600,520,600,21,26,21,26,19,26,1
142328,Lewis-Clark State College,450,560,440,550,17,22,15,23,16,22,1
177931,Lex La-Ray Technical Center,,,,,,,,,,,2
232557,Liberty University,490,600,480,600,21,28,21,29,19,27,1
117104,Life Pacific College,460,553,440,543,16,22,14,21,17,24,1
140252,Life University,440,540,420,530,16,21,17,21,15,20,1
218238,Limestone College,480,570,480,560,18,23,16,22,16,23,1
146667,Lincoln Christian University,490,620,450,560,20,26,21,23,17,28,1
220631,Lincoln Memorial University,500,608,503,590,19,25,19,26,18,24,1
213598,Lincoln University,440,510,420,510,16,20,15,18,15,19,1
177968,Lindenwood University,500,580,500,580,20,25,20,25,19,25,1
219976,Lipscomb University,540,660,520,660,22,29,23,32,21,28,1
198862,Livingstone College,390,470,380,460,13,17,11,15,14,16,1
213613,Lock Haven University,460,560,460,550,19,25,18,23,18,25,1
192448,Long Island University,540,630,520,630,21,27,21,27,20,26,1
232566,Longwood University,500,590,480,560,18,23,,,,,1
153825,Loras College,490,580,508,603,19,25,19,24,18,26,1
198871,Louisburg College,390,500,393,510,14,17,14,20,14,18,1
159568,Louisiana College,440,560,500,610,19,23,19,24,17,23,1
449612,Louisiana Culinary Institute,,,,,,,,,,,2
159391,Louisiana State University and Agricultural & Mechanical College,540,640,530,650,23,29,23,31,22,27,1
159382,Louisiana State University-Alexandria,,,,,18,22,18,23,16,22,1
159416,Louisiana State University-Shreveport,500,580,520,560,20,25,21,26,18,24,1
159647,Louisiana Tech University,420,470,450,500,22,28,22,28,21,26,1
203757,Lourdes University,470,580,470,560,18,24,17,24,18,25,1
117946,Loyola Marymount University,610,690,600,700,27,31,27,34,25,29,1
146719,Loyola University Chicago,570,660,550,650,25,30,24,32,23,28,1
159656,Loyola University New Orleans,550,640,510,600,22,28,23,31,20,26,1
226383,Lubbock Christian University,480,620,475,590,18,25,16,25,17,25,1
153834,Luther College,510,660,540,650,23,29,22,30,22,28,1
178004,Lutheran School of Nursing,,,,,,,,,,,1
213668,Lycoming College,510,600,500,598,19,24,18,25,17,24,1
106342,Lyon College,520,608,520,580,21,28,21,30,21,26,1
173902,Macalester College,650,730,660,770,29,33,29,35,27,31,1
146825,MacMurray College,460,550,463,540,18,22,16,22,17,22,1
170806,Madonna University,490,590,470,580,19,25,18,26,17,24,1
161022,Maine College of Health Professions,380,520,430,520,,,,,,,1
161299,Maine Maritime Academy,490,590,510,590,21,27,17,24,18,25,1
203775,Malone University,480,600,460,590,19,25,17,25,17,25,1
155496,Manhattan Christian College,460,640,390,640,19,25,18,31,18,21,1
192703,Manhattan College,540,630,530,630,23,27,21,28,21,27,1
213774,Manor College,410,500,390,500,14,16,12,14,14,16,1
213783,Mansfield University of Pennsylvania,480,580,470,550,17,23,15,23,16,21,1
192785,Maria College of Albany,,,,,,,,,,,2
239080,Marian University,440,550,460,540,17,22,16,22,17,22,1
151786,Marian University,510,600,510,600,20,26,18,25,18,26,1
203845,Marietta College,495,610,495,600,20,26,19,25,19,26,1
101648,Marion Military Institute,540,640,550,640,19,26,19,26,17,26,1
239105,Marquette University,580,660,570,660,24,30,24,31,24,28,1
198899,Mars Hill University,470,570,450,560,16,22,15,22,16,22,1
237525,Marshall University,470,580,440,550,19,25,18,25,17,24,1
173452,Martin Luther College,560,610,520,640,21,27,20,27,21,27,1
220701,Martin Methodist College,450,545,533,548,18,24,17,24,17,24,1
232672,Mary Baldwin University,490,590,460,540,18,24,17,25,17,23,1
163295,Maryland Institute College of Art,500,630,530,660,22,29,22,31,19,27,1
192864,Marymount Manhattan College,530,630,500,590,21,27,21,29,18,27,1
232706,Marymount University,480,600,470,580,16,25,16,24,16,24,1
220710,Maryville College,450,590,460,570,21,29,21,28,19,26,1
213826,Marywood University,510,600,500,590,21,26,20,25,18,25,1
167288,Massachusetts College of Liberal Arts,500,630,490,600,19,26,,,,,1
166683,Massachusetts Institute of Technology,720,770,780,800,34,36,34,36,34,36,1
166692,Massachusetts Maritime Academy,520,600,530,600,20,26,,,,,1
200226,Mayville State University,,,,,18,25,16,23,17,25,1
147013,McKendree University,479,631,481,639,20,28,18,29,17,27,1
226587,McMurry University,480,580,470,570,18,23,16,22,17,23,1
159717,McNeese State University,490,570,480,570,20,25,20,26,18,25,1
155511,McPherson College,480,590,510,580,19,23,17,23,18,28,1
166656,MCPHS University,510,600,520,630,22,28,20,28,21,27,1
118693,Menlo College,456,570,460,580,18,23,17,23,17,22,1
140447,Mercer University,600,670,580,670,25,30,24,32,24,28,1
203960,Mercy College of Ohio,,,,,,,,,,,2
198950,Meredith College,510,610,490,590,19,26,17,24,18,25,1
417752,Messenger College,,,,,,,,,,,2
213996,Messiah College,550,650,530,660,23,29,22,30,22,28,1
147129,Methodist College,,,,,16,22,17,23,19,21,1
198969,Methodist University,480,580,480,570,18,23,16,23,17,24,1
190114,Metropolitan College of New York,,,,,,,,,,,2
174020,Metropolitan State University,,,,,,,,,,,2
127565,Metropolitan State University of Denver,460,560,440,550,17,23,16,23,16,23,1
204024,Miami University-Oxford,590,670,610,710,25,30,25,33,25,30,1
169655,MIAT College of Technology,,,,,,,,,,,2
171100,Michigan State University,560,650,550,660,23,29,23,30,23,28,1
171128,Michigan Technological University,580,670,590,690,24,30,23,30,25,30,1
199458,Mid-Atlantic Christian University,405,538,423,508,16,22,14,23,16,25,1
481225,Mid-South Christian College,,,,,19,24,18,22,18,19,1
482158,Middle Georgia State University,450,550,430,530,16,20,15,20,16,20,1
220978,Middle Tennessee State University,520,630,500,610,20,26,19,27,18,25,1
230959,Middlebury College,660,730,670,770,31,34,,,,,1
181330,Midland University,450,565,470,540,18,23,16,23,17,24,1
157377,Midway University,490,600,470,550,19,23,18,24,17,23,1
178208,Midwestern Baptist Theological Seminary,485,560,475,505,19,26,18,25,18,24,1
226833,Midwestern State University,480,580,460,520,17,23,18,25,17,23,1
214041,Millersville University of Pennsylvania,500,600,490,580,,,,,,,1
486901,Milligan College,540,650,530,660,22,28,22,29,22,27,1
147244,Millikin University,490,620,470,590,20,27,20,27,20,26,1
175980,Millsaps College,550,630,530,630,22,28,23,31,20,26,1
239309,Milwaukee Institute of Art & Design,,,,,,,,,,,2
239318,Milwaukee School of Engineering,578,670,610,700,25,30,23,31,26,30,1
174127,Minneapolis College of Art and Design,540,650,490,570,19,26,19,26,17,25,1
174358,Minnesota State University Moorhead,450,590,470,600,20,25,19,25,19,24,1
173920,Minnesota State University-Mankato,,,,,19,24,18,23,18,25,1
200253,Minot State University,460,560,460,570,18,23,16,23,17,24,1
214069,Misericordia University,520,600,520,600,23,26,21,27,20,25,1
176053,Mississippi College,520,613,510,623,21,28,22,32,20,27,1
176080,Mississippi State University,540,660,530,670,22,29,22,32,20,27,1
176035,Mississippi University for Women,520,530,560,580,18,24,17,25,17,23,1
176044,Mississippi Valley State University,,,,,15,19,13,18,15,18,1
178244,Missouri Baptist University,460,560,470,550,19,23,18,24,17,23,1
178341,Missouri Southern State University,,,,,18,24,17,24,17,23,1
179566,Missouri State University-Springfield,500,630,518,590,21,26,21,27,20,26,1
178369,Missouri Valley College,440,550,450,540,16,21,15,21,16,22,1
193292,Molloy College,530,620,530,610,22,26,,,,,1
147341,Monmouth College,500,580,480,590,20,27,19,26,19,26,1
185572,Monmouth University,520,660,520,590,19,25,,,,,1
193308,Monroe College,,,,,,,,,,,2
180461,Montana State University,550,660,540,660,21,28,20,27,20,27,1
180522,Montana State University-Northern,,,,,,,,,,,2
180416,Montana Technological University,530,600,580,630,22,27,20,25,23,27,1
199032,Montreat College,460,580,460,560,18,25,,,,,1
147369,Moody Bible Institute,,,,,,,,,,,2
248606,Moore Norman Technology Center,,,,,,,,,,,2
214157,Moravian College,530,610,520,590,21,25,20,25,20,25,1
157386,Morehead State University,,,,,20,26,18,25,20,26,1
140553,Morehouse College,510,610,500,600,20,25,19,26,18,25,1
163453,Morgan State University,450,530,470,550,16,20,14,20,16,19,1
154004,Morningside College,,,,,20,25,18,24,18,25,1
214166,Mount Aloysius College,470,570,470,550,17,22,15,21,17,22,1
204176,Mount Carmel College of Nursing,,,,,19,22,17,23,17,23,1
219198,Mount Marty College,410,540,400,510,18,24,17,23,17,24,1
239390,Mount Mary University,,,,,16,21,15,21,16,20,1
154013,Mount Mercy University,,,,,19,25,18,24,18,24,1
204200,Mount Saint Joseph University,500,570,490,570,20,25,20,24,18,24,1
193353,Mount Saint Mary College,520,590,500,580,20,24,18,23,17,24,1
119173,Mount Saint Mary's University,480,580,450,550,17,22,,,,,1
163462,Mount St. Mary's University,490,590,510,620,18,25,17,24,16,25,1
204194,Mount Vernon Nazarene University,490,570,470,560,20,25,18,25,18,25,1
157401,Murray State University,518,613,510,600,21,27,21,29,20,26,1
119270,Musicians Institute,,,,,,,,,,,2
204264,Muskingum University,493,590,483,590,19,24,17,23,18,24,1
181376,Nebraska Christian College of Hope International University,380,510,380,550,16,21,13,21,15,23,1
181297,Nebraska Methodist College of Nursing & Allied Health,,,,,21,24,20,24,19,24,1
181446,Nebraska Wesleyan University,500,640,510,630,21,28,22,30,21,27,1
163532,Ner Israel Rabbinical College,,,,,,,,,,,2
214272,Neumann University,460,550,450,540,16,21,,,,,1
445692,Neumont College of Computer Science,,,,,,,,,,,2
441900,Nevada State College,,,,,,,,,,,2
262129,New College of Florida,630,720,590,700,26,31,25,34,23,29,1
208725,New Hope Christian College-Eugene,,,,,,,,,,,2
185129,New Jersey City University,430,530,420,530,,,,,,,1
185828,New Jersey Institute of Technology,580,670,610,710,25,30,23,32,25,31,1
187967,New Mexico Institute of Mining and Technology,590,690,620,710,23,29,23,28,23,29,1
188030,New Mexico State University-Main Campus,470,590,470,570,17,23,16,23,17,23,1
440396,New Saint Andrews College,590,710,550,660,23,28,23,32,22,26,1
421841,New York Conservatory for Dramatic Arts,,,,,,,,,,,2
194091,New York Institute of Technology,520,630,530,640,22,28,21,28,21,28,1
194116,New York School of Interior Design,450,600,600,700,19,23,21,30,16,18,1
193900,New York University,650,720,660,790,29,34,,,,,1
218414,Newberry College,460,570,460,550,17,23,15,22,16,23,1
167251,Newbury College,,,,,,,,,,,2
155335,Newman University,500,590,500,590,20,26,19,26,19,26,1
159966,Nicholls State University,430,540,440,550,20,24,20,26,18,24,1
167260,Nichols College,,,,,,,,,,,2
232937,Norfolk State University,440,520,420,510,16,21,,,,,1
199102,North Carolina A & T State University,480,560,470,550,17,22,15,21,17,22,1
199157,North Carolina Central University,450,530,450,520,17,20,15,20,16,20,1
199193,North Carolina State University at Raleigh,620,680,630,710,27,31,26,33,26,30,1
199209,North Carolina Wesleyan College,440,550,430,540,15,21,14,20,16,21,1
147660,North Central College,433,600,420,600,21,26,21,27,20,26,1
174437,North Central University,515,643,518,565,19,24,17,25,17,24,1
200332,North Dakota State University-Main Campus,543,630,540,645,21,26,20,25,21,27,1
218441,North Greenville University,420,660,430,660,21,30,21,31,20,28,1
147679,North Park University,480,587,470,580,19,25,19,25,18,25,1
182917,Northeast Catholic College,,,,,,,,,,,2
147776,Northeastern Illinois University,,,380,490,15,22,16,21,15,21,1
207263,Northeastern State University,440,550,478,573,18,23,18,24,17,23,1
167358,Northeastern University,670,750,690,790,32,34,33,35,29,34,1
105330,Northern Arizona University,,,,,,,,,,,2
147703,Northern Illinois University,490,600,480,590,19,25,18,25,18,25,1
157447,Northern Kentucky University,510,610,480,620,20,26,20,27,19,26,1
171456,Northern Michigan University,490,600,480,580,20,26,19,26,18,26,1
219259,Northern State University,470,600,460,600,19,24,16,23,17,24,1
418588,Northern Tier Career Center,,,,,,,,,,,2
209409,Northwest Christian University,470,590,465,580,18,23,16,23,16,24,1
178624,Northwest Missouri State University,478,593,498,600,19,24,18,24,18,24,1
142461,Northwest Nazarene University,520,640,500,610,20,27,20,28,18,26,1
236133,Northwest University,520,630,510,595,21,26,20,26,19,25,1
154101,Northwestern College,530,610,520,640,21,27,20,27,20,27,1
207306,Northwestern Oklahoma State University,510,620,520,620,17,22,16,22,16,22,1
160038,Northwestern State University of Louisiana,460,600,460,560,19,24,19,25,17,23,1
147767,Northwestern University,700,760,730,790,33,35,,,,,1
171492,Northwood University,490,590,500,590,19,24,17,23,18,25,1
230995,Norwich University,,,,,,,,,,,2
368452,Nossi College of Art,,,,,,,,,,,2
120184,Notre Dame de Namur University,440,530,430,530,17,21,15,21,16,21,1
136215,Nova Southeastern University,550,650,530,640,22,28,22,30,21,27,1
194161,Nyack College,445,560,423,548,17,23,,,,,1
174525,Oak Hills Christian College,430,580,360,440,16,23,15,22,16,23,1
152099,Oakland City University,450,560,462,550,16,22,15,22,16,21,1
171571,Oakland University,510,620,500,620,21,28,21,29,19,27,1
101912,Oakwood University,410,440,532,570,16,22,15,24,15,20,1
204501,Oberlin College,650,740,630,750,29,31,30,34,26,28,1
120254,Occidental College,640,710,630,740,28,32,30,35,26,30,1
140696,Oglethorpe University,570,660,540,630,22,27,21,28,20,26,1
204635,Ohio Northern University,550,630,540,660,22,27,21,27,23,28,1
204796,Ohio State University-Main Campus,590,690,650,760,27,32,26,34,27,32,1
204857,Ohio University-Main Campus,540,640,530,630,21,26,20,26,20,26,1
237640,Ohio Valley University,480,585,480,590,18,24,16,22,17,20,1
204909,Ohio Wesleyan University,,,,,,,,,,,2
207403,Oklahoma Baptist University,500,620,490,580,20,26,19,27,18,25,1
207324,Oklahoma Christian University,510,640,510,640,20,27,18,26,20,28,1
207458,Oklahoma City University,550,660,540,620,23,29,22,31,20,27,1
207388,Oklahoma State University-Main Campus,540,640,520,640,22,28,21,27,20,27,1
206835,Oklahoma Wesleyan University,244,520,446,519,16,21,14,21,16,21,1
232982,Old Dominion University,500,610,490,590,18,24,17,24,17,25,1
147828,Olivet Nazarene University,510,620,490,600,20,26,18,26,19,26,1
207582,Oral Roberts University,515,620,500,605,19,25,19,26,18,25,1
209533,Oregon College of Art and Craft,,,,,,,,,,,2
209506,Oregon Institute of Technology,510,620,520,620,20,26,19,25,19,27,1
209542,Oregon State University,540,650,540,660,22,28,21,28,22,28,1
440828,Oregon State University-Cascades Campus,505,640,520,615,21,27,20,27,19,26,1
155627,Ottawa University-Ottawa,480,570,470,550,17,21,15,21,16,20,1
204936,Otterbein University,555,650,550,635,21,27,20,27,20,27,1
107512,Ouachita Baptist University,520,630,520,620,21,28,21,31,20,27,1
227331,Our Lady of the Lake University,460,550,450,530,17,21,15,21,16,21,1
178679,Ozark Christian College,510,630,510,570,20,27,19,28,18,25,1
194310,Pace University,540,620,520,600,22,27,,,,,1
236230,Pacific Lutheran University,540,640,530,630,20,28,21,29,18,26,1
120865,Pacific Union College,490,600,460,590,18,25,17,25,16,23,1
209612,Pacific University,530,630,530,620,21,27,21,26,20,26,1
140720,Paine College,410,490,370,490,14,18,11,16,15,17,1
136330,Palm Beach Atlantic University,510,630,490,590,20,26,20,27,18,25,1
227429,Paul Quinn College,362,472,350,456,13,17,11,16,13,16,1
194392,Paul Smiths College of Arts and Science,,,,,,,,,,,2
215053,Pennsylvania College of Art and Design,,,,,,,,,,,2
442356,Pennsylvania College of Health Sciences,,,,,,,,,,,2
214777,Pennsylvania State University-Main Campus,580,660,580,700,25,30,25,33,25,30,1
214801,Pennsylvania State University-Penn State Abington,500,600,510,670,22,26,21,26,22,31,1
214689,Pennsylvania State University-Penn State Altoona,500,590,500,590,20,25,20,25,19,25,1
214698,Pennsylvania State University-Penn State Beaver,490,600,510,610,20,25,18,23,18,26,1
214704,Pennsylvania State University-Penn State Berks,500,600,500,600,21,26,19,26,19,27,1
214731,Pennsylvania State University-Penn State Brandywine,480,600,480,590,21,28,22,27,21,28,1
214740,Pennsylvania State University-Penn State DuBois,490,590,490,590,19,21,17,19,18,19,1
214591,Pennsylvania State University-Penn State Erie-Behrend College,520,620,530,660,22,27,21,25,24,31,1
214759,Pennsylvania State University-Penn State Fayette- Eberly,490,590,470,600,17,20,12,21,16,20,1
214786,Pennsylvania State University-Penn State Greater Allegheny,460,590,470,650,23,27,22,26,26,29,1
214713,Pennsylvania State University-Penn State Harrisburg,520,610,530,680,23,27,22,26,24,33,1
214768,Pennsylvania State University-Penn State Hazleton,460,580,470,560,20,28,18,28,20,29,1
214670,Pennsylvania State University-Penn State Lehigh Valley,500,600,510,600,19,28,17,28,22,27,1
214795,Pennsylvania State University-Penn State Mont Alto,480,590,490,590,22,27,21,28,18,25,1
214625,Pennsylvania State University-Penn State New Kensington,500,590,490,600,18,25,15,24,17,27,1
214810,Pennsylvania State University-Penn State Schuylkill,450,545,440,550,,,,,,,1
214652,Pennsylvania State University-Penn State Scranton,480,580,490,570,16,21,15,23,15,24,1
214634,Pennsylvania State University-Penn State Shenango,445,540,455,515,18,21,13,19,16,21,1
214643,Pennsylvania State University-Penn State Wilkes-Barre,490,570,500,570,24,27,22,26,20,26,1
214829,Pennsylvania State University-Penn State York,510,620,520,680,21,25,20,24,25,32,1
479956,Pennsylvania State University-World Campus,510,630,480,630,21,27,21,30,19,27,1
121150,Pepperdine University,610,690,610,730,26,32,26,34,26,30,1
189282,Phillips School of Nursing at Mount Sinai Beth Israel,,,,,,,,,,,2
140818,Piedmont College,500,600,470,580,19,25,17,24,18,24,1
489937,Piedmont International University,440,540,450,520,16,20,14,20,15,19,1
155681,Pittsburg State University,,,,,18,28,16,30,18,28,1
260813,Platt College-Aurora,,,,,,,,,,,2
121309,Point Loma Nazarene University,580,650,560,650,24,29,24,31,23,27,1
215442,Point Park University,500,620,480,570,20,25,20,26,18,25,1
190451,Pomeroy College of Nursing at Crouse Hospital,,,,,,,,,,,2
121345,Pomona College,700,760,700,780,31,34,34,36,29,34,1
205027,Pontifical College Josephinum,,,,,,,,,,,2
130183,Post University,,,,,,,,,,,2
227526,Prairie View A & M University,450,530,440,520,16,21,14,20,16,20,1
194578,Pratt Institute-Main,520,620,530,690,25,30,24,33,23,29,1
219295,Presentation College,480,555,483,538,18,23,17,23,17,23,1
186131,Princeton University,710,770,730,800,32,35,34,36,30,35,1
148016,Principia College,520,660,508,640,22,29,22,30,21,27,1
151102,Purdue University Fort Wayne,490,590,480,590,18,25,16,24,17,26,1
490805,Purdue University Northwest,470,520,460,520,19,25,18,24,18,25,1
243780,Purdue University-Main Campus,590,680,590,730,25,32,24,33,25,32,1
199412,Queens University of Charlotte,520,618,513,600,21,26,22,29,19,25,1
148131,Quincy University,490,580,470,560,18,25,18,25,17,25,1
233277,Radford University,,,,,,,,,,,2
186201,Ramapo College of New Jersey,530,620,520,620,21,26,21,27,19,26,1
207157,Randall University,470,560,470,540,17,22,15,22,17,22,1
233301,Randolph College,480,620,480,570,18,25,15,26,17,24,1
233295,Randolph-Macon College,520,630,500,610,20,27,19,27,19,27,1
215594,Reading Hospital School of Health Sciences,485,560,480,540,,,,,,,1
209922,Reed College,670,750,640,770,30,33,30,35,27,32,1
231651,Regent University,498,578,460,535,19,25,19,26,18,24,1
167598,Regis College,,,,,,,,,,,2
127918,Regis University,530,620,520,610,21,27,21,27,19,26,1
140872,Reinhardt University,510,600,490,590,18,23,18,24,17,24,1
194824,Rensselaer Polytechnic Institute,640,720,690,780,29,33,,,,,1
217420,Rhode Island College,450,560,440,540,16,20,16,19,16,19,1
217493,Rhode Island School of Design,600,690,580,750,26,32,26,34,24,32,1
221351,Rhodes College,630,700,610,710,28,31,29,35,26,29,1
227757,Rice University,700,760,750,800,33,35,34,36,31,35,1
233338,Richard Bland College,,,,,,,,,,,2
183211,Rivier University,,,,,,,,,,,2
233426,Roanoke College,530,630,510,600,22,27,21,28,21,26,1
215655,Robert Morris University,520,600,510,600,21,28,20,27,19,27,1
148335,Robert Morris University Illinois,,,,,,,,,,,2
194958,Roberts Wesleyan College,500,610,510,620,20,27,16,27,19,26,1
170967,Rochester College,440,560,430,540,17,23,15,25,16,23,1
195003,Rochester Institute of Technology,590,680,610,720,27,32,24,32,26,31,1
148405,Rockford University,500,600,490,590,19,23,18,23,17,22,1
179043,Rockhurst University,565,650,545,605,22,27,22,29,20,26,1
180595,Rocky Mountain College,490,590,500,585,20,25,19,24,19,25,1
136950,Rollins College,,,,,,,,,,,2
148487,Roosevelt University,510,600,500,580,21,26,20,26,19,25,1
152318,Rose-Hulman Institute of Technology,610,700,660,780,28,33,26,34,28,34,1
184782,Rowan University,520,620,488,603,20,27,20,27,21,27,1
176318,Rust College,,,,,,,,,,,2
186371,Rutgers University-Camden,500,590,500,590,17,23,16,25,17,23,1
186380,Rutgers University-New Brunswick,590,680,600,730,25,31,24,34,25,32,1
186399,Rutgers University-Newark,510,590,510,600,19,24,18,24,18,25,1
172033,Sacred Heart Major Seminary,,,,,,,,,,,2
172051,Saginaw Valley State University,500,610,490,590,19,26,18,25,18,25,1
154235,Saint Ambrose University,510,600,510,590,20,26,20,26,19,26,1
199582,Saint Augustine's University,395,480,370,460,13,17,12,18,14,17,1
174783,Saint Cloud State University,470,605,490,630,18,24,16,23,17,25,1
227845,Saint Edward's University,550,650,530,620,22,27,22,29,20,26,1
195702,Saint Elizabeth College of Nursing,,,,,,,,,,,2
152497,Saint Elizabeth School of Nursing,410,500,400,510,15,20,13,20,16,22,1
215743,Saint Francis University,520,630,520,620,20,26,20,26,19,26,1
195720,Saint John Fisher College,540,620,540,630,22,26,20,26,21,27,1
174792,Saint Johns University,490,630,520,650,22,28,21,27,22,28,1
179256,Saint Louis Christian College,430,610,430,590,20,22,15,21,21,22,1
179159,Saint Louis University,590,680,590,690,25,31,25,34,24,29,1
236452,Saint Martin's University,510,620,510,600,18,24,20,27,17,26,1
152390,Saint Mary's College,540,650,510,610,22,28,22,30,20,27,1
123554,Saint Mary's College of California,540,630,520,620,22,27,21,28,20,26,1
174817,Saint Mary's University of Minnesota,520,620,510,620,20,26,20,26,19,26,1
152381,Saint Mary-of-the-Woods College,470,570,450,540,16,23,15,23,16,22,1
231059,Saint Michael's College,,,,,,,,,,,2
239716,Saint Norbert College,520,620,510,590,22,27,21,27,21,27,1
215798,Saint Vincent College,520,630,510,600,18,26,18,26,19,25,1
148627,Saint Xavier University,480,570,470,560,19,24,18,24,18,24,1
199607,Salem College,530,640,520,620,21,28,22,31,19,26,1
163851,Salisbury University,,,,,,,,,,,2
217536,Salve Regina University,,,,,,,,,,,2
227881,Sam Houston State University,500,580,500,560,19,23,19,26,17,23,1
102049,Samford University,552,650,520,620,23,29,24,32,21,27,1
112084,San Diego Christian College,493,580,480,560,16,24,16,24,15,22,1
122409,San Diego State University,560,650,550,660,22,28,22,29,22,27,1
122597,San Francisco State University,480,590,470,570,17,23,16,24,16,23,1
122755,San Jose State University,510,620,520,640,19,26,18,26,18,26,1
122931,Santa Clara University,630,700,640,740,28,32,,,,,1
140951,Savannah College of Art and Design,530,630,500,600,21,27,21,29,18,26,1
140960,Savannah State University,700,760,520,620,21,26,20,26,21,27,1
143048,School of the Art Institute of Chicago,580,660,540,680,22,28,23,30,19,27,1
197151,School of Visual Arts,540,640,520,683,23,29,,,,,1
228042,Schreiner University,480,570,480,560,18,23,16,22,16,23,1
123165,Scripps College,660,740,640,740,30,33,33,35,27,31,1
236577,Seattle Pacific University,520,630,510,610,20,27,20,28,19,25,1
236595,Seattle University,570,660,560,660,24,30,24,32,23,28,1
186584,Seton Hall University,580,650,570,660,24,28,23,29,22,27,1
215947,Seton Hill University,,,,,,,,,,,2
123280,Shasta Bible College and Graduate School,,,,,,,,,,,2
199643,Shaw University,,,,,,,,,,,2
233541,Shenandoah University,500,600,480,590,21,26,20,27,18,25,1
237792,Shepherd University,490,590,480,570,19,23,18,24,17,23,1
480499,Shiloh University,,,,,,,,,,,2
216010,Shippensburg University of Pennsylvania,490,590,480,580,17,23,15,23,17,24,1
140988,Shorter University,470,580,450,560,18,24,16,24,16,23,1
195474,Siena College,,,,,,,,,,,2
172264,Siena Heights University,,,,,,,,,,,2
182458,Sierra Nevada College,530,620,490,570,18,23,17,22,17,23,1
239743,Silver Lake College of the Holy Family,440,580,360,630,15,19,13,19,14,19,1
167783,Simmons University,580,660,550,640,24,30,23,33,23,27,1
154350,Simpson College,530,640,520,610,20,25,18,25,19,25,1
123457,Simpson University,478,580,488,580,19,26,17,24,17,25,1
216038,Slippery Rock University of Pennsylvania,510,590,500,580,19,25,19,24,18,25,1
399911,Soka University of America,570,670,610,740,25,30,25,33,24,29,1
123572,Sonoma State University,490,590,490,580,18,23,17,24,17,23,1
218733,South Carolina State University,440,510,420,500,15,18,,,,,1
219347,South Dakota School of Mines and Technology,570,670,590,693,24,29,24,29,25,29,1
219356,South Dakota State University,490,620,520,640,20,26,18,25,19,26,1
179557,Southeast Missouri State University,510,620,520,620,20,25,20,26,18,25,1
199759,Southeastern Baptist Theological Seminary,,,,,,,,,,,2
160612,Southeastern Louisiana University,,,,,19,24,19,25,17,23,1
207847,Southeastern Oklahoma State University,,,,,18,23,16,23,17,22,1
107983,Southern Arkansas University Main Campus,500,630,500,590,19,24,18,25,17,24,1
130493,Southern Connecticut State University,470,580,450,550,18,24,22,23,17,22,1
149222,Southern Illinois University-Carbondale,500,610,500,600,20,26,20,27,18,26,1
149231,Southern Illinois University-Edwardsville,510,610,500,610,21,27,21,28,19,26,1
228246,Southern Methodist University,630,710,650,750,29,33,29,35,27,31,1
210146,Southern Oregon University,490,600,430,550,19,25,18,26,17,24,1
160621,Southern University and A & M College,460,560,470,530,17,21,16,21,16,20,1
160630,Southern University at New Orleans,,,,,15,18,15,20,16,19,1
230603,Southern Utah University,510,640,500,610,21,27,20,28,19,26,1
231086,Southern Vermont College,,,,,,,,,,,2
233611,Southern Virginia University,480,627,480,610,20,26,18,26,18,25,1
217776,Southern Wesleyan University,480,560,490,590,18,23,16,23,17,23,1
179326,Southwest Baptist University,500,610,490,603,18,25,18,26,17,26,1
175078,Southwest Minnesota State University,425,510,440,520,17,23,15,22,17,24,1
228468,Southwestern Adventist University,470,570,440,540,16,23,16,25,16,22,1
228325,Southwestern Assemblies of God University,480,580,470,550,17,23,15,23,16,23,1
207856,Southwestern Christian University,450,545,445,535,16,21,14,21,16,20,1
155900,Southwestern College,460,540,450,540,18,23,16,22,17,23,1
207865,Southwestern Oklahoma State University,,,,,18,24,16,24,17,24,1
228343,Southwestern University,580,680,550,650,23,29,23,31,22,28,1
157757,Spalding University,,,500,590,18,23,17,23,17,23,1
218821,Spartanburg Methodist College,430,540,410,520,15,19,13,19,15,19,1
141060,Spelman College,560,630,520,590,22,26,21,27,20,25,1
172334,Spring Arbor University,520,620,505,610,20,26,20,27,18,26,1
102234,Spring Hill College,505,595,510,590,20,25,20,27,18,24,1
167899,Springfield College,520,620,530,620,22,27,26,28,21,27,1
195164,St Bonaventure University,520,610,520,630,22,27,20,26,20,27,1
175005,St Catherine University,563,675,556,588,19,25,18,24,17,24,1
154262,St Luke's College,,,,,,,,,,,2
174844,St Olaf College,600,700,590,710,25,32,25,34,25,30,1
199698,St. Andrews University,385,595,395,560,13,26,14,24,15,22,1
195191,St. Joseph's College of Nursing,,,,,,,,,,,2
195562,St. Joseph's College-Long Island,510,600,510,600,21,25,17,25,18,26,1
195544,St. Joseph's College-New York,510,600,510,590,19,26,20,29,17,27,1
179265,St. Louis College of Pharmacy,550,623,558,690,24,28,24,31,24,28,1
163912,St. Mary's College of Maryland,540,650,520,640,23,28,21,27,21,28,1
228149,St. Mary's University,530,630,520,620,21,27,20,26,19,26,1
195243,St. Thomas Aquinas College,460,560,450,560,18,25,,,,,1
137476,St. Thomas University,490,580,460,560,16,21,15,21,16,20,1
243744,Stanford University,700,770,720,800,32,35,34,36,30,35,1
196176,State University of New York at New Paltz,550,640,540,630,24,29,22,27,23,30,1
228431,Stephen F Austin State University,500,600,490,580,18,24,17,24,17,19,1
179548,Stephens College,520,630,450,580,20,26,19,27,17,23,1
155937,Sterling College,460,530,470,540,17,23,15,23,16,24,1
137546,Stetson University,,,,,,,,,,,2
164173,Stevenson University,520,610,510,590,19,24,17,24,17,24,1
102270,Stillman College,,,,,,,,,,,2
186876,Stockton University,500,600,500,590,18,25,17,25,17,24,1
196097,Stony Brook University,600,680,630,740,26,31,24,33,26,31,1
168005,Suffolk University,520,620,510,600,21,26,,,,,1
181543,Summit Christian College,,,,,18,21,17,20,20,24,1
196060,SUNY at Albany,550,630,550,630,22,27,,,,,1
196158,SUNY at Fredonia,490,590,480,580,21,27,,,,,1
196130,SUNY Buffalo State,400,510,460,530,,,,,,,1
196121,SUNY College at Brockport,510,590,510,590,20,25,18,24,18,25,1
196167,SUNY College at Geneseo,560,650,560,650,24,28,,,,,1
196237,SUNY College at Old Westbury,480,553,470,500,,,,,,,1
196194,SUNY College at Oswego,540,620,530,620,21,26,,,,,1
196246,SUNY College at Plattsburgh,540,620,510,610,21,25,19,25,20,24,1
196033,SUNY College of Agriculture and Technology at Cobleskill,430,550,430,540,,,,,,,1
196103,SUNY College of Environmental Science and Forestry,560,660,560,650,23,29,22,27,22,29,1
196006,SUNY College of Technology at Alfred,470,580,480,590,19,25,18,24,19,26,1
196015,SUNY College of Technology at Canton,450,540,450,540,17,22,16,22,15,20,1
196024,SUNY College of Technology at Delhi,470,560,450,530,17,23,15,22,16,23,1
196291,SUNY Maritime College,535,620,540,640,22,27,,,,,1
196051,SUNY Morrisville,430,520,420,520,17,21,14,21,16,20,1
196185,SUNY Oneonta,460,590,450,590,21,26,20,25,19,25,1
196112,SUNY Polytechnic Institute,490,660,510,690,20,28,23,30,25,30,1
216278,Susquehanna University,,,,,,,,,,,2
216287,Swarthmore College,680,760,700,790,31,34,33,35,29,34,1
233718,Sweet Briar College,520,630,470,580,20,26,21,26,18,25,1
196413,Syracuse University,590,670,590,700,25,30,25,33,25,29,1
155973,Tabor College,470,550,450,570,18,24,17,23,18,25,1
228529,Tarleton State University,480,580,480,560,18,23,16,22,17,23,1
152530,Taylor University,540,660,540,640,22,29,22,31,20,27,1
221847,Tennessee Technological University,530,620,520,640,21,27,21,28,20,26,1
221731,Tennessee Wesleyan University,470,620,450,540,19,25,18,24,19,26,1
226152,Texas A & M International University,470,560,460,540,16,21,14,20,16,20,1
228723,Texas A & M University-College Station,580,680,590,700,25,31,24,32,24,30,1
224554,Texas A & M University-Commerce,490,580,470,560,17,23,15,22,16,23,1
224147,Texas A & M University-Corpus Christi,500,590,480,570,18,23,16,23,17,23,1
228705,Texas A & M University-Kingsville,470,570,470,560,17,22,15,20,16,22,1
459949,Texas A&M University-San Antonio,470,550,460,530,17,19,14,19,16,20,1
224545,Texas A&M University-Texarkana,500,570,490,560,19,23,18,23,18,23,1
228875,Texas Christian University,580,660,570,683,26,30,26,34,25,29,1
228981,Texas Lutheran University,490,580,500,580,19,25,17,25,19,26,1
229063,Texas Southern University,420,500,410,490,15,19,12,18,15,17,1
228459,Texas State University,510,600,500,580,20,26,19,25,18,24,1
229115,Texas Tech University,540,620,530,620,22,27,21,27,21,26,1
229160,Texas Wesleyan University,460,550,470,550,20,24,18,24,18,24,1
229179,Texas Woman's University,490,590,480,570,17,23,16,23,17,23,1
216296,Thaddeus Stevens College of Technology,,,,,,,,,,,2
200624,The Art Institute of Cincinnati-AIC College of Design,,,,,,,,,,,2
132408,The Baptist College of Florida,430,440,400,430,17,22,15,29,14,24,1
201821,The Christ College of Nursing and Health Sciences,438,543,443,490,19,23,19,23,18,24,1
142294,The College of Idaho,,,,,,,,,,,2
187134,The College of New Jersey,580,670,580,680,25,30,25,30,25,30,1
193645,The College of New Rochelle,450,550,440,520,17,21,13,20,16,18,1
174899,The College of Saint Scholastica,520,640,530,630,20,26,18,24,19,26,1
206589,The College of Wooster,570,680,560,690,25,30,23,32,23,29,1
454184,The King's College,590,670,530,640,24,29,25,33,23,26,1
439701,The King's University,450,560,440,530,20,25,21,26,17,26,1
206394,The North Coast College,,,,,,,,,,,2
215637,The Restaurant School at Walnut Hill College,,,,,,,,,,,2
157748,The Southern Baptist Theological Seminary,490,630,460,573,19,25,19,25,17,24,1
100751,The University of Alabama,540,640,520,640,23,31,23,34,21,29,1
202763,The University of Findlay,530,630,522,617,21,26,20,26,19,26,1
180489,The University of Montana,530,640,510,620,20,26,19,26,18,26,1
180692,The University of Montana-Western,490,580,450,540,17,22,15,19,16,22,1
137847,The University of Tampa,550,630,540,620,22,27,21,27,20,26,1
221740,The University of Tennessee-Chattanooga,500,620,490,590,21,27,21,28,19,26,1
221759,The University of Tennessee-Knoxville,580,660,570,670,25,31,24,33,24,29,1
221768,The University of Tennessee-Martin,,,,,21,26,21,26,19,25,1
228769,The University of Texas at Arlington,530,630,530,630,20,26,19,25,19,26,1
228778,The University of Texas at Austin,620,720,610,760,27,33,26,35,26,32,1
228787,The University of Texas at Dallas,600,700,620,740,25,32,24,34,25,31,1
229027,The University of Texas at San Antonio,520,620,520,600,20,25,18,24,18,25,1
228802,The University of Texas at Tyler,550,640,530,640,21,27,21,30,20,26,1
229018,The University of Texas of the Permian Basin,490,570,480,560,17,22,15,22,17,23,1
227368,The University of Texas Rio Grande Valley,480,570,470,550,17,22,15,21,17,22,1
221519,The University of the South,,,,,,,,,,,2
233897,The University of Virginia's College at Wise,490,580,460,550,18,25,17,25,17,24,1
138354,The University of West Florida,550,640,530,610,22,27,22,27,21,26,1
216357,Thiel College,440,540,420,560,15,20,13,20,15,20,1
124292,Thomas Aquinas College,630,720,590,680,25,30,27,33,24,27,1
216366,Thomas Jefferson University,540,620,520,620,22,28,21,28,21,27,1
157809,Thomas More College,470,570,490,550,19,24,19,24,18,25,1
141167,Thomas University,,,,,,,,,,,2
206048,Tiffin University,,,,,,,,,,,2
141185,Toccoa Falls College,490,600,470,560,19,24,16,24,16,23,1
176406,Tougaloo College,410,550,380,550,16,23,15,24,16,22,1
196592,Touro College,,,,,,,,,,,2
164076,Towson University,540,610,520,590,20,25,20,25,18,25,1
221892,Trevecca Nazarene University,520,630,490,610,19,25,20,27,18,26,1
152567,Trine University,500,610,510,620,21,27,20,26,22,27,1
137953,Trinity Baptist College,420,445,485,510,15,20,15,19,14,19,1
200484,Trinity Bible College and Graduate School,400,605,410,550,17,23,16,22,16,22,1
149505,Trinity Christian College,480,580,470,580,19,25,19,25,18,25,1
137962,Trinity College of Florida,430,580,410,560,15,20,14,19,14,19,1
204893,Trinity Health System School of Nursing,,,,,,,,,,,2
149514,Trinity International University-Illinois,480,570,480,580,20,25,20,27,17,26,1
229267,Trinity University,630,710,630,720,27,32,26,34,26,30,1
131876,Trinity Washington University,,,,,,,,,,,2
102368,Troy University,490,580,470,565,18,24,18,26,17,23,1
141237,Truett McConnell University,470,583,450,560,17,22,15,22,16,23,1
178615,Truman State University,550,670,530,688,24,30,24,32,23,28,1
168148,Tufts University,680,750,700,780,31,34,,,,,1
160755,Tulane University of Louisiana,670,730,680,760,30,33,32,35,27,32,1
221953,Tusculum University,470,570,490,555,18,24,17,24,17,24,1
102377,Tuskegee University,440,540,420,520,17,27,16,30,16,30,1
491525,Union Bible College,,,,,,,,,,,2
157863,Union College,460,533,476,533,18,23,16,22,17,21,1
181738,Union College,510,590,470,540,18,24,17,25,17,24,1
221971,Union University,560,690,550,670,23,30,23,32,20,27,1
128328,United States Air Force Academy,610,690,620,720,28,33,27,34,27,32,1
197027,United States Merchant Marine Academy,580,640,610,690,27,30,24,31,26,29,1
197036,United States Military Academy,550,660,590,690,27,33,27,34,27,32,1
164155,United States Naval Academy,560,680,590,690,26,32,25,34,26,32,1
161572,Unity College,,,,,,,,,,,2
196088,University at Buffalo,570,650,590,680,24,29,23,29,24,30,1
363934,University of Advancing Technology,,,,,,,,,,,2
200800,University of Akron Main Campus,490,620,500,630,19,26,18,25,17,26,1
100663,University of Alabama at Birmingham,490,620,490,620,21,29,22,31,19,26,1
100706,University of Alabama in Huntsville,560,700,450,680,25,31,25,34,24,30,1
102553,University of Alaska Anchorage,,,,,,,,,,,2
102614,University of Alaska Fairbanks,530,640,520,630,18,25,17,25,18,25,1
102632,University of Alaska Southeast,,,,,,,,,,,2
106397,University of Arkansas,560,650,540,640,23,29,23,31,22,28,1
106245,University of Arkansas at Little Rock,480,600,470,590,18,25,19,26,17,24,1
106412,University of Arkansas at Pine Bluff,450,530,440,510,16,20,15,21,16,20,1
107585,University of Arkansas Community College-Morrilton,,,,,,,,,,,2
161873,University of Baltimore,460,575,450,540,21,23,22,23,17,22,1
128744,University of Bridgeport,460,550,440,540,16,23,14,23,16,25,1
110635,University of California-Berkeley,650,740,670,790,31,35,29,35,28,35,1
110644,University of California-Davis,580,670,580,730,24,32,23,32,23,30,1
110653,University of California-Irvine,580,670,610,740,25,33,23,32,25,32,1
110662,University of California-Los Angeles,650,740,640,780,30,34,29,35,28,34,1
445188,University of California-Merced,510,600,510,590,19,27,17,23,18,24,1
110671,University of California-Riverside,560,650,550,680,23,29,22,30,22,28,1
110680,University of California-San Diego,620,700,640,770,27,33,25,34,26,33,1
110705,University of California-Santa Barbara,620,700,610,760,27,33,26,34,26,32,1
110714,University of California-Santa Cruz,590,680,600,720,26,32,24,33,25,30,1
106704,University of Central Arkansas,480,580,490,590,21,27,21,29,19,25,1
132903,University of Central Florida,590,670,570,670,25,29,24,30,22,27,1
176965,University of Central Missouri,,,,,19,24,18,25,18,25,1
206941,University of Central Oklahoma,,,,,19,24,18,24,17,24,1
237312,University of Charleston,463,568,443,575,18,23,16,23,16,23,1
201885,University of Cincinnati-Main Campus,580,670,580,700,24,29,23,30,24,29,1
126614,University of Colorado Boulder,580,670,570,690,25,31,24,32,24,29,1
126580,University of Colorado Colorado Springs,510,610,500,600,20,26,20,26,19,26,1
126562,University of Colorado Denver/Anschutz Medical Campus,510,610,510,600,21,26,20,26,19,26,1
129020,University of Connecticut,600,690,610,730,26,31,25,34,26,31,1
436827,University of Connecticut-Avery Point,520,610,500,600,21,25,20,26,19,25,1
463056,University of Connecticut-Hartford Campus,520,610,500,600,20,27,21,25,18,24,1
436836,University of Connecticut-Stamford,500,610,490,600,21,27,24,32,20,23,1
436818,University of Connecticut-Waterbury Campus,510,600,480,600,19,25,19,23,17,23,1
224323,University of Dallas,570,680,550,660,23,29,23,34,22,27,1
202480,University of Dayton,560,650,550,660,24,30,24,31,23,28,1
130943,University of Delaware,590,670,570,680,25,30,24,32,24,29,1
127060,University of Denver,590,690,580,680,26,31,25,33,24,29,1
169716,University of Detroit Mercy,530,620,520,630,21,27,20,27,20,26,1
153278,University of Dubuque,420,570,430,530,16,22,15,21,16,23,1
134130,University of Florida,640,710,640,730,27,32,26,34,26,30,1
484473,University of Florida-Online,600,670,560,650,23,29,23,30,22,26,1
139959,University of Georgia,630,700,610,710,27,32,27,34,26,30,1
141565,University of Hawaii at Hilo,490,590,470,580,17,23,15,23,17,23,1
141574,University of Hawaii at Manoa,530,620,520,620,21,26,20,26,19,26,1
225511,University of Houston,570,650,560,660,22,28,21,27,22,27,1
225414,University of Houston-Clear Lake,520,610,520,590,20,24,18,24,19,25,1
225432,University of Houston-Downtown,470,540,470,540,17,21,15,20,16,21,1
225502,University of Houston-Victoria,,,,,,,,,,,2
142285,University of Idaho,510,620,500,600,20,26,18,26,19,26,1
145600,University of Illinois at Chicago,510,610,510,610,21,27,21,27,20,27,1
148654,University of Illinois at Springfield,500,610,490,608,20,27,20,28,19,27,1
145637,University of Illinois at Urbana-Champaign,600,690,600,770,26,32,25,34,25,33,1
151263,University of Indianapolis,500,600,490,580,19,25,18,25,18,25,1
153658,University of Iowa,560,660,560,670,23,28,22,29,22,28,1
200156,University of Jamestown,480,560,470,570,19,24,17,23,18,25,1
155317,University of Kansas,,,,,23,29,22,30,22,28,1
157085,University of Kentucky,550,650,530,650,23,29,23,31,22,28,1
117140,University of La Verne,510,600,510,605,20,26,19,25,18,25,1
160658,University of Louisiana at Lafayette,520,630,510,620,21,28,21,29,20,27,1
159993,University of Louisiana at Monroe,,,,,20,25,21,26,18,24,1
157289,University of Louisville,540,640,530,650,22,29,22,31,21,28,1
161253,University of Maine,530,630,520,620,22,27,21,26,20,27,1
161235,University of Maine at Fort Kent,450,560,450,550,16,21,17,23,14,20,1
161341,University of Maine at Presque Isle,,,,,,,,,,,2
226471,University of Mary Hardin-Baylor,520,610,510,590,20,25,18,24,18,24,1
232681,University of Mary Washington,540,649,510,620,22,29,22,29,20,26,1
163338,University of Maryland Eastern Shore,440,530,430,520,15,20,13,20,15,18,1
163268,University of Maryland-Baltimore County,600,670,590,690,24,29,23,30,23,28,1
163286,University of Maryland-College Park,640,710,650,760,29,33,29,35,27,33,1
166629,University of Massachusetts-Amherst,600,680,600,710,26,31,,,,,1
167987,University of Massachusetts-Dartmouth,490,600,500,590,19,26,20,31,20,26,1
166513,University of Massachusetts-Lowell,570,650,580,670,24,29,23,29,24,29,1
220862,University of Memphis,500,620,470,590,19,26,20,27,18,25,1
135726,University of Miami,620,690,630,740,29,32,29,35,26,31,1
170976,University of Michigan-Ann Arbor,660,730,670,780,30,34,31,35,28,34,1
171137,University of Michigan-Dearborn,540,640,530,650,23,30,22,31,22,28,1
171146,University of Michigan-Flint,500,610,480,590,19,26,18,26,18,26,1
174075,University of Minnesota-Crookston,503,578,495,598,19,24,16,22,17,24,1
174233,University of Minnesota-Duluth,568,660,550,683,21,26,20,25,21,27,1
174251,University of Minnesota-Morris,530,660,550,690,22,27,20,27,21,27,1
456959,University of Minnesota-Rochester,510,550,518,595,22,26,21,25,21,26,1
174066,University of Minnesota-Twin Cities,620,710,650,770,26,31,25,33,25,30,1
176017,University of Mississippi,530,640,520,630,21,29,22,32,20,27,1
178396,University of Missouri-Columbia,560,640,530,650,23,29,23,31,22,27,1
178402,University of Missouri-Kansas City,490,590,540,750,21,28,20,29,19,27,1
178420,University of Missouri-St Louis,510,610,510,620,21,27,21,27,19,26,1
101693,University of Mobile,450,540,440,547,18,25,17,25,16,23,1
101709,University of Montevallo,,,,,20,27,21,28,17,24,1
199069,University of Mount Olive,458,563,460,553,17,21,15,21,16,22,1
204185,University of Mount Union,480,600,488,600,20,26,18,25,18,26,1
181215,University of Nebraska at Kearney,470,560,465,560,19,26,19,26,18,25,1
181394,University of Nebraska at Omaha,,,,,19,26,18,26,17,25,1
181464,University of Nebraska-Lincoln,570,680,560,680,22,29,21,30,21,28,1
182281,University of Nevada-Las Vegas,520,620,510,620,19,24,17,24,17,24,1
182290,University of Nevada-Reno,540,640,530,640,21,26,20,26,19,26,1
183071,University of New Hampshire at Manchester,520,600,510,590,22,26,22,28,19,29,1
183044,University of New Hampshire-Main Campus,550,640,540,630,22,28,22,29,22,27,1
129941,University of New Haven,520,620,510,600,20,26,19,26,18,25,1
187985,University of New Mexico-Main Campus,520,640,510,630,19,25,18,25,18,25,1
159939,University of New Orleans,540,640,510,620,20,25,21,27,19,25,1
101879,University of North Alabama,510,610,500,580,20,25,19,27,17,24,1
199111,University of North Carolina at Asheville,540,640,520,610,21,28,21,28,19,26,1
199120,University of North Carolina at Chapel Hill,630,720,640,760,29,33,29,35,27,32,1
199139,University of North Carolina at Charlotte,560,630,560,640,22,26,20,25,21,26,1
199148,University of North Carolina at Greensboro,500,590,490,570,20,25,19,24,18,24,1
199281,University of North Carolina at Pembroke,470,550,455,530,17,21,16,21,16,21,1
199184,University of North Carolina School of the Arts,560,660,530,620,22,28,22,30,19,26,1
199218,University of North Carolina Wilmington,600,660,590,660,23,27,22,27,22,26,1
200280,University of North Dakota,480,600,500,630,21,27,19,26,20,27,1
136172,University of North Florida,570,650,550,630,21,27,21,27,19,25,1
482680,University of North Georgia,535,640,490,590,20,25,19,25,18,25,1
227216,University of North Texas,540,640,520,620,21,26,20,26,19,26,1
484905,University of North Texas at Dallas,460,550,460,530,16,20,14,19,16,20,1
127741,University of Northern Colorado,500,610,490,580,19,25,19,25,18,25,1
154095,University of Northern Iowa,480,631,500,610,21,26,20,25,19,26,1
174491,University of Northwestern-St Paul,523,638,530,610,21,27,21,28,20,27,1
152080,University of Notre Dame,690,760,710,790,33,35,,,,,1
207500,University of Oklahoma-Norman Campus,580,670,560,680,23,29,22,30,22,27,1
209551,University of Oregon,550,650,530,640,22,28,21,29,20,27,1
215062,University of Pennsylvania,690,760,730,790,32,35,34,36,31,35,1
215266,University of Pittsburgh-Bradford,490,580,490,580,20,25,17,25,18,25,1
215275,University of Pittsburgh-Greensburg,510,600,500,590,21,26,20,25,18,25,1
215284,University of Pittsburgh-Johnstown,510,600,510,600,21,26,19,24,20,26,1
215293,University of Pittsburgh-Pittsburgh Campus,630,700,640,730,28,33,27,34,26,31,1
215309,University of Pittsburgh-Titusville,450,560,450,540,14,22,11,21,15,23,1
209825,University of Portland,580,660,560,660,23,28,23,30,23,27,1
180258,University of Providence,,,,,,,,,,,2
121691,University of Redlands,550,640,530,620,23,28,22,30,20,27,1
217484,University of Rhode Island,540,620,530,620,21,27,21,27,21,26,1
233374,University of Richmond,640,710,650,750,30,33,,,,,1
152336,University of Saint Francis-Fort Wayne,480,590,475,560,18,24,17,24,16,23,1
155812,University of Saint Mary,485,595,490,575,19,23,18,24,19,23,1
122436,University of San Diego,600,670,590,690,25,30,25,33,25,29,1
122612,University of San Francisco,570,660,560,670,23,29,23,31,22,27,1
215929,University of Scranton,570,640,550,640,23,28,,,,,1
219383,University of Sioux Falls,530,610,530,570,20,25,18,24,18,25,1
102094,University of South Alabama,530,630,510,610,21,27,21,29,19,26,1
218645,University of South Carolina-Aiken,480,580,470,560,17,22,16,22,16,22,1
218654,University of South Carolina-Beaufort,470,570,445,550,17,22,16,22,16,21,1
218663,University of South Carolina-Columbia,600,670,590,690,25,30,24,33,24,28,1
218672,University of South Carolina-Lancaster,460,560,430,550,15,21,13,21,16,20,1
218681,University of South Carolina-Salkehatchie,420,500,400,500,14,18,11,17,14,17,1
218690,University of South Carolina-Sumter,470,580,455,550,15,20,14,19,15,19,1
218706,University of South Carolina-Union,410,540,390,500,14,18,12,17,15,17,1
218742,University of South Carolina-Upstate,470,570,450,540,17,22,15,22,16,21,1
219471,University of South Dakota,520,620,510,640,20,25,18,24,18,25,1
137351,University of South Florida-Main Campus,590,660,580,670,25,30,24,31,23,27,1
451671,University of South Florida-Sarasota-Manatee,583,640,553,648,24,28,22,29,21,26,1
448840,University of South Florida-St Petersburg,570,650,530,600,23,27,22,27,20,25,1
123961,University of Southern California,660,740,690,790,30,34,32,35,28,34,1
151306,University of Southern Indiana,490,590,490,590,19,25,18,25,18,25,1
161554,University of Southern Maine,480,590,460,560,19,25,18,25,18,25,1
176372,University of Southern Mississippi,,,,,19,25,19,26,17,24,1
148584,University of St Francis,520,600,510,590,20,26,19,26,18,25,1
227863,University of St Thomas,540,630,520,620,22,25,21,25,21,26,1
174914,University of St Thomas,570,670,560,710,24,29,23,29,23,28,1
156541,University of the Cumberlands,485,590,510,590,20,26,19,26,18,25,1
225627,University of the Incarnate Word,480,580,470,560,17,22,15,22,16,21,1
120883,University of the Pacific,560,660,560,690,22,30,22,32,22,30,1
215132,University of the Sciences,560,640,560,670,23,29,22,30,22,28,1
188182,University of the Southwest,,,,,,,,,,,2
206084,University of Toledo,510,610,510,630,20,26,19,25,19,27,1
207971,University of Tulsa,590,710,590,700,25,32,25,34,24,30,1
230764,University of Utah,570,670,560,680,22,29,22,30,22,28,1
216542,University of Valley Forge,,,,,,,,,,,2
231174,University of Vermont,600,680,580,680,26,31,25,33,24,29,1
234076,University of Virginia-Main Campus,660,730,670,770,30,34,31,35,28,34,1
377555,University of Washington-Bothell Campus,510,610,520,640,19,26,18,26,19,27,1
236948,University of Washington-Seattle Campus,600,700,620,760,27,32,26,34,26,33,1
377564,University of Washington-Tacoma Campus,490,600,490,590,16,23,15,24,16,22,1
101587,University of West Alabama,440,520,420,500,18,23,18,24,16,22,1
141334,University of West Georgia,490,570,430,510,18,22,18,22,17,22,1
491303,University of Wisconsin Colleges Flex,,,,,,,,,,,1
240268,University of Wisconsin-Eau Claire,,,,,21,26,21,26,20,26,1
240277,University of Wisconsin-Green Bay,,,,,19,25,18,24,17,25,1
240329,University of Wisconsin-La Crosse,,,,,23,27,22,26,22,27,1
240444,University of Wisconsin-Madison,630,700,650,750,27,32,27,34,26,31,1
240453,University of Wisconsin-Milwaukee,,,,,19,25,18,24,18,25,1
491288,University of Wisconsin-Milwaukee Flex,,,,,,,,,,,1
240365,University of Wisconsin-Oshkosh,,,,,19,24,18,24,17,24,1
240374,University of Wisconsin-Parkside,,,,,18,23,17,23,16,23,1
491297,University of Wisconsin-Parkside Flex,,,,,,,,,,,1
240462,University of Wisconsin-Platteville,,,,,20,26,19,25,19,27,1
240471,University of Wisconsin-River Falls,,,,,20,25,18,24,18,25,1
240480,University of Wisconsin-Stevens Point,,,,,19,25,18,24,18,25,1
240417,University of Wisconsin-Stout,,,,,20,25,18,24,18,26,1
240426,University of Wisconsin-Superior,,,,,19,24,17,24,18,25,1
240189,University of Wisconsin-Whitewater,,,,,19,24,18,24,18,25,1
240727,University of Wyoming,530,640,520,640,22,28,21,28,20,27,1
154493,Upper Iowa University,465,570,470,600,18,23,16,22,17,24,1
206330,Urbana University,460,540,430,560,20,25,18,22,19,24,1
206349,Ursuline College,515,585,505,575,19,24,18,23,18,23,1
230728,Utah State University,530,650,520,640,21,28,20,28,19,27,1
197045,Utica College,,,,,,,,,,,2
141264,Valdosta State University,510,590,490,550,19,23,18,23,17,22,1
200572,Valley City State University,440,520,460,570,18,23,16,22,17,24,1
152600,Valparaiso University,540,630,530,640,23,29,22,29,22,28,1
221999,Vanderbilt University,700,760,750,800,33,35,34,35,30,35,1
149639,VanderCook College of Music,590,670,540,600,21,25,20,23,23,26,1
123651,Vanguard University of Southern California,480,570,470,550,17,23,,,,,1
197133,Vassar College,680,740,690,770,31,33,33,35,28,32,1
231165,Vermont Technical College,,,,,,,,,,,2
216597,Villanova University,640,710,660,760,30,33,31,35,27,32,1
449834,Virginia Beach Theological Seminary,,,,,,,,,,,2
234030,Virginia Commonwealth University,550,640,520,620,21,28,20,28,19,27,1
234085,Virginia Military Institute,560,660,540,650,24,30,22,28,22,28,1
233921,Virginia Polytechnic Institute and State University,590,680,590,710,25,31,24,32,25,30,1
234155,Virginia State University,430,510,410,500,15,21,14,21,15,19,1
234173,Virginia Wesleyan University,500,610,480,570,21,25,16,25,20,24,1
449764,Visible Music College,520,640,520,630,14,24,14,26,21,24,1
240107,Viterbo University,520,660,520,740,21,26,20,25,21,26,1
218919,Voorhees College,,,,,,,,,,,2
152673,Wabash College,550,650,550,680,23,28,21,27,23,28,1
197197,Wagner College,,,,,,,,,,,2
154518,Waldorf University,460,560,460,550,17,22,15,22,16,20,1
236896,Walla Walla University,460,600,460,610,20,27,19,27,18,26,1
206437,Walsh University,490,610,500,580,19,26,19,25,18,25,1
210304,Warner Pacific University,,,,,,,,,,,2
154527,Wartburg College,510,570,510,590,20,26,19,25,19,26,1
216667,Washington & Jefferson College,,,,,,,,,,,2
162210,Washington Adventist University,440,570,420,500,14,20,13,20,15,18,1
234207,Washington and Lee University,670,730,678,760,31,34,33,35,28,33,1
164216,Washington College,,,,,,,,,,,2
236939,Washington State University,510,610,510,600,20,26,19,25,18,26,1
179867,Washington University in St Louis,710,770,760,800,32,35,34,36,30,34,1
392840,Watkins College of Art Design & Film,390,560,410,540,18,25,17,24,16,22,1
229780,Wayland Baptist University,440,540,450,550,16,22,14,21,16,22,1
172644,Wayne State University,510,610,500,600,21,27,20,27,19,26,1
216694,Waynesburg University,500,580,480,570,19,25,18,25,17,24,1
197221,Webb Institute,680,760,720,790,32,34,34,35,32,34,1
138293,Webber International University,443,530,433,530,17,20,16,20,15,20,1
179894,Webster University,518,630,490,613,21,27,21,29,19,26,1
168218,Wellesley College,670,740,660,780,30,34,32,35,27,33,1
168227,Wentworth Institute of Technology,530,630,550,650,22,27,21,25,23,27,1
131098,Wesley College,420,513,400,510,15,20,11,19,15,19,1
141325,Wesleyan College,490,580,440,530,18,22,17,22,16,19,1
130697,Wesleyan University,,,,,,,,,,,2
216764,West Chester University of Pennsylvania,530,610,520,590,21,26,20,26,19,25,1
443331,West Coast University-Los Angeles,,,,,,,,,,,2
458229,West Coast University-Ontario,,,,,,,,,,,2
458210,West Coast University-Orange County,,,,,,,,,,,2
237932,West Liberty University,470,620,350,680,17,23,17,22,15,22,1
229814,West Texas A & M University,490,590,480,580,19,24,16,23,17,24,1
237899,West Virginia State University,450,530,430,510,17,22,15,22,16,20,1
238032,West Virginia University,530,620,520,620,21,27,20,26,19,26,1
237950,West Virginia University Institute of Technology,490,590,530,600,21,27,20,26,19,26,1
237969,West Virginia Wesleyan College,485,600,490,580,19,25,18,25,18,24,1
490133,Westcliff University,,,,,,,,,,,2
200004,Western Carolina University,520,610,510,600,20,25,20,25,19,25,1
130776,Western Connecticut State University,,,,,,,,,,,2
149772,Western Illinois University,470,560,460,550,18,23,17,23,17,24,1
157951,Western Kentucky University,500,600,480,590,20,27,20,28,18,26,1
172699,Western Michigan University,500,600,490,590,20,26,20,25,18,26,1
216773,Western Pennsylvania Hospital School of Nursing,,,,,,,,,,,2
128391,Western State Colorado University,510,590,490,580,19,25,18,25,18,24,1
237011,Western Washington University,550,650,530,630,22,29,21,30,21,27,1
168263,Westfield State University,500,585,500,580,20,25,18,23,17,23,1
216807,Westminster College,500,620,500,600,20,26,18,26,18,26,1
230807,Westminster College,540,638,540,620,21,27,20,28,19,26,1
179946,Westminster College,530,590,500,600,20,25,19,25,19,25,1
125727,Westmont College,570,690,540,680,23,30,23,34,22,28,1
149781,Wheaton College,620,710,590,710,27,32,27,34,25,30,1
238078,Wheeling Jesuit University,440,570,470,560,19,24,16,23,17,23,1
156125,Wichita State University,530,640,520,650,20,26,19,26,19,26,1
216852,Widener University,510,600,510,600,20,26,19,25,19,26,1
216931,Wilkes University,530,620,520,620,21,27,20,26,21,26,1
210401,Willamette University,,,,,,,,,,,2
176479,William Carey University,460,570,470,580,21,29,21,31,19,25,1
122728,William Jessup University,500,593,460,580,19,25,19,25,17,24,1
179955,William Jewell College,520,630,510,640,22,29,22,29,22,27,1
187444,William Paterson University of New Jersey,450,550,440,540,16,23,15,23,16,23,1
199272,William Peace University,460,530,460,550,18,24,16,23,17,23,1
179964,William Woods University,513,600,483,625,20,25,20,26,18,25,1
107877,Williams Baptist University,470,550,450,570,17,22,16,22,17,22,1
168342,Williams College,710,760,700,790,32,35,34,36,29,34,1
206507,Wilmington College,460,550,470,540,18,23,16,23,17,24,1
217013,Wilson College,490,570,490,560,18,22,16,22,18,20,1
199962,Wingate University,490,590,490,580,18,24,,,,,1
175272,Winona State University,490,580,510,610,20,24,19,25,19,24,1
199999,Winston-Salem State University,450,520,440,510,16,19,14,19,16,19,1
218964,Winthrop University,490,600,460,560,20,25,,,,,1
240338,Wisconsin Lutheran College,503,600,513,598,20,26,20,26,19,26,1
168430,Worcester State University,,,,,,,,,,,2
206613,Wright State University-Lake Campus,470,560,500,560,18,23,16,23,17,25,1
206604,Wright State University-Main Campus,480,628,490,605,18,25,17,25,17,26,1
206622,Xavier University,540,630,530,620,22,28,22,29,21,27,1
160904,Xavier University of Louisiana,526,629,490,560,20,26,20,26,17,25,1
130794,Yale University,720,770,740,800,33,35,35,36,31,35,1
197708,Yeshiva University,580,700,560,700,22,30,23,33,22,29,1
181853,York College,470,580,480,580,18,22,17,22,17,22,1
217059,York College of Pennsylvania,510,610,510,620,21,26,19,25,19,26,1
141361,Young Harris College,460,580,470,550,18,23,17,24,17,22,1
206695,Youngstown State University,480,590,480,600,18,24,17,24,18,25,1